id,grid_x,grid_y,n_internal,seed,n_nodes,n_edges,target_stretch,max_force,max_stretch,mean_stretch,std_stretch,max_displacement,energy,sim_time,feat_n_node,feat_n_edge,feat_total_length,feat_mean_edge_len,feat_len_cv,feat_deg2_count,feat_deg4_count,feat_degree_entropy,feat_orient_entropy,feat_anisotropy,feat_radius_gyration,feat_moment_total,feat_clustering_coef,feat_fiedler_value,feat_lambda_max,feat_spectral_gap_ratio,feat_aspl_giant,feat_boundary_frac,feat_fractal_dim_box,feat_rigidity_index,feat_redundancy_ratio,feat_max_k_core,feat_kcore_frac,feat_triangle_count,feat_triangle_ratio,feat_quad_count,feat_quad_ratio,feat_avg_shortest_dy,feat_straightness,feat_mesh_median_area,feat_mesh_cv_area,feat_mesh_max_area_ratio,feat_edge_betweenness_max,feat_edge_betweenness_gini,feat_largest_pore_ratio,feat_top_area_sum_ratio,feat_top_convexity_min,feat_top_convexity_mean,feat_top_circularity_min,feat_big_pore_count,feat_total_pore_count,feat_total_pore_ratio,feat_center_pore_ratio,feat_edge_pore_ratio,feat_pore_area_cv,feat_pore_area_skew,feat_pore_area_kurtosis,feat_pore_area_max_over_mean,feat_pore_large_area_frac,feat_pore_count_large_frac,feat_pore_density,feat_pore_spatial_cv,feat_contact_thick,feat_contact_canvas_size,feat_contact_nodes,feat_contact_edges,feat_contact_edge_pixel_union_count,feat_contact_edge_pixel_sum,feat_contact_raw_overlap_pixel_count,feat_contact_overlap_pixel_count,feat_contact_overlap_pair_count,feat_contact_overlap_pairs_per_edge,feat_contact_edges_with_contact_count,feat_contact_edges_with_contact_ratio,feat_contact_overlap_pixel_ratio_union,feat_contact_raw_overlap_pixel_ratio_union,feat_contact_overlap_pixel_ratio_canvas,feat_contact_overlap_length_px_approx,feat_contact_overlap_length_ratio_centerline,feat_contact_centerline_length_px,feat_contact_overlap_pair_size_sum,feat_contact_overlap_pair_size_mean,feat_contact_overlap_pair_size_median,feat_contact_overlap_pair_size_max,feat_contact_overlap_pair_size_std,feat_contact_overlap_pair_size_q75,feat_contact_overlap_pair_size_q90,feat_contact_overlap_pair_size_q95,feat_contact_overlap_cc_count,feat_contact_overlap_cc_size_sum,feat_contact_overlap_cc_size_mean,feat_contact_overlap_cc_size_median,feat_contact_overlap_cc_size_max,feat_contact_overlap_cc_size_std,feat_contact_overlap_cc_size_q75,feat_contact_overlap_cc_size_q90,feat_contact_overlap_cc_size_q95,feat_contact_edge_contact_degree_mean,feat_contact_edge_contact_degree_median,feat_contact_edge_contact_degree_max,feat_contact_edge_contact_degree_std,feat_contact_edge_contact_degree_q75,feat_contact_edge_contact_degree_q90,feat_contact_edge_contact_degree_q95
1,4,5,11,20,1069,1421,1.5,173684.78599196026,2.7368478599196027,1.2940770375699882,0.3528625791166283,20.005902845714253,0.0,14.561975479125977,1069,1421,1819.6876526658177,1.2805683692229541,0.6214355094517102,173,0,1.0504165443901219,3.8633240242413938,0.05309012073248112,18.96281732747397,49212.036286682865,0.0,0.0032741706806332723,5.607510973819551,0.0005838901958318398,23.742077548060248,0.06896551724137931,0.026359768684942036,-714.0,0.24841660802251936,2,0.0018709073900841909,0,0.0,0,0.0,50.10386511163662,1.0020773022327123,0.0,0.0,0.0,0.0995994226790928,0.518391138674817,0.0,0.0,1.0,1.0,1.0,0,0,0.0,0.0,0.0,0.0,0.0,0.0,1.0,0.0,0.0,0.0,0.0,5,128,1069,1421,0,0,0,0,0,0.0,0,0.0,0.0,0.0,0.0,0.0,0.0,0.0,0.0,0.0,0.0,0.0,0.0,0.0,0.0,0.0,0,0,0.0,0.0,0,0.0,0.0,0.0,0.0,0.0,0.0,0,0.0,0.0,0.0,0.0
2,3,4,15,27,666,865,1.5,100304.28790662644,2.0030428790662644,1.2738200631130725,0.24394517019019832,16.96069971330113,0.0,14.374047756195068,666,865,1064.8614059255278,1.2310536484688184,0.7116425560897301,104,0,1.1309211884564792,3.947215387919006,0.006652994443845937,15.010075243453022,23499.36622726368,0.0,0.0046703947690449965,5.71396636125379,0.0008173647644679825,19.240917609338663,0.09710982658959537,0.04099554384850345,-464.0,0.23121387283236994,2,0.003003003003003003,0,0.0,0,0.0,40.02097322444646,1.0005243306111364,0.0,0.0,0.0,0.14087210799959432,0.4731449592298832,0.0,0.0,1.0,1.0,1.0,0,0,0.0,0.0,0.0,0.0,0.0,0.0,1.0,0.0,0.0,0.0,0.0,5,128,666,865,0,0,0,0,0,0.0,0,0.0,0.0,0.0,0.0,0.0,0.0,0.0,0.0,0.0,0.0,0.0,0.0,0.0,0.0,0.0,0,0,0.0,0.0,0,0.0,0.0,0.0,0.0,0.0,0.0,0,0.0,0.0,0.0,0.0
3,4,5,8,34,1094,1441,1.5,142847.8189975746,2.428478189975746,1.2894981720479146,0.34279210996768644,21.09403039471883,0.0,14.139955759048462,1094,1441,1823.3593026023348,1.2653430274825364,0.6972671341423269,188,0,1.0931052274370954,4.06957103470094,0.04097466630144091,19.04344607032704,50042.5253615954,0.0,0.0033422903319650725,5.624431745113054,0.0005942449803695317,23.920029571596547,0.07494795281054822,0.06191266042282148,-744.0,0.24149895905621097,2,0.0018281535648994515,0,0.0,0,0.0,50.08725374005303,1.0017450748010406,0.0,0.0,0.0,0.09423138958743209,0.4861536651942849,0.0,0.0,1.0,1.0,1.0,0,0,0.0,0.0,0.0,0.0,0.0,0.0,1.0,0.0,0.0,0.0,0.0,5,128,1094,1441,0,0,0,0,0,0.0,0,0.0,0.0,0.0,0.0,0.0,0.0,0.0,0.0,0.0,0.0,0.0,0.0,0.0,0.0,0.0,0,0,0.0,0.0,0,0.0,0.0,0.0,0.0,0.0,0.0,0,0.0,0.0,0.0,0.0
4,5,5,7,41,1330,1776,1.5,190823.7258779948,2.908237258779948,1.2685663513158558,0.382907261630077,25.16648079608163,0.0,16.444063901901245,1330,1776,2182.203363455935,1.2287181100540174,0.7159991485568137,222,0,1.0345996602942173,4.033517387473327,0.016392978423590426,20.933968675350407,68211.2980548359,0.0,0.0028498116461185214,5.632002918258192,0.0005060032261132734,26.102979797122604,0.061936936936936936,0.03310919107432994,-881.0,0.2516891891891892,2,0.0015037593984962407,0,0.0,0,0.0,50.162542048421585,1.0032508409684116,0.0,0.0,0.0,0.10494410647555867,0.5571989500519774,0.0,0.0,1.0,1.0,1.0,0,0,0.0,0.0,0.0,0.0,0.0,0.0,1.0,0.0,0.0,0.0,0.0,5,128,1330,1776,0,0,0,0,0,0.0,0,0.0,0.0,0.0,0.0,0.0,0.0,0.0,0.0,0.0,0.0,0.0,0.0,0.0,0.0,0.0,0,0,0.0,0.0,0,0.0,0.0,0.0,0.0,0.0,0.0,0,0.0,0.0,0.0,0.0
5,3,2,6,48,342,433,1.5,106539.01149655378,2.065390114965538,1.2258883067252095,0.2607545338213881,17.70049613449345,0.0,14.492737531661987,342,433,531.5726021021292,1.2276503512751251,0.611507429183324,44,0,1.1733155795540713,3.949367757620621,0.05572723933288154,10.939622732982743,8452.443796488807,0.0,0.007258205969972727,5.654667282732665,0.001283577902476316,14.503335562758313,0.13856812933025403,0.05166493086309023,-248.0,0.21247113163972287,2,0.005847953216374269,0,0.0,0,0.0,20.492911712066054,1.0246455856032515,0.0,0.0,0.0,0.15255350481641472,0.43368730257300014,0.0,0.0,1.0,1.0,1.0,0,0,0.0,0.0,0.0,0.0,0.0,0.0,1.0,0.0,0.0,0.0,0.0,5,128,342,433,0,0,0,0,0,0.0,0,0.0,0.0,0.0,0.0,0.0,0.0,0.0,0.0,0.0,0.0,0.0,0.0,0.0,0.0,0.0,0,0,0.0,0.0,0,0.0,0.0,0.0,0.0,0.0,0.0,0,0.0,0.0,0.0,0.0
6,5,5,10,55,1360,1802,1.5,205866.61666724586,3.0586661666724586,1.2700183829546208,0.40708304974889226,25.799669314637782,0.0,16.14158535003662,1360,1802,2201.367334685026,1.2216244920560633,0.6478573770455595,244,0,1.073795354915474,4.040555033091853,0.03239129336123561,20.912705577612165,69077.23279303388,0.0,0.003069978372534573,5.598825058054179,0.0005483254684155051,26.22314418040947,0.06714761376248612,0.047680880007309995,-915.0,0.2458379578246393,2,0.0014705882352941176,0,0.0,0,0.0,49.999999999999986,0.9999999999999797,0.0,0.0,0.0,0.09667046299971119,0.5500799563186242,0.0,0.0,1.0,1.0,1.0,0,0,0.0,0.0,0.0,0.0,0.0,0.0,1.0,0.0,0.0,0.0,0.0,5,128,1360,1802,0,0,0,0,0,0.0,0,0.0,0.0,0.0,0.0,0.0,0.0,0.0,0.0,0.0,0.0,0.0,0.0,0.0,0.0,0.0,0,0,0.0,0.0,0,0.0,0.0,0.0,0.0,0.0,0.0,0,0.0,0.0,0.0,0.0
7,3,5,5,62,870,1111,1.5,143713.31090683673,2.4371331090683674,1.294173458230453,0.26710379134944673,16.26864567880723,0.0,14.613155841827393,870,1111,1359.565466895359,1.2237312933351565,0.8254196748267966,152,0,1.20035656066063,3.918111949542521,0.04140920469518173,17.37767589255576,34830.101880236325,0.0,0.002560991539026447,5.697902038296726,0.0004494621918406226,21.178566988082483,0.10801080108010801,0.06519089555555567,-626.0,0.21782178217821782,2,0.0022988505747126436,0,0.0,0,0.0,50.0,0.99999999999998,0.0,0.0,0.0,0.1859632963740668,0.5843661712663981,0.0,0.0,1.0,1.0,1.0,0,0,0.0,0.0,0.0,0.0,0.0,0.0,1.0,0.0,0.0,0.0,0.0,5,128,870,1111,0,0,0,0,0,0.0,0,0.0,0.0,0.0,0.0,0.0,0.0,0.0,0.0,0.0,0.0,0.0,0.0,0.0,0.0,0.0,0,0,0.0,0.0,0,0.0,0.0,0.0,0.0,0.0,0.0,0,0.0,0.0,0.0,0.0
8,5,3,16,69,788,1050,1.5,151955.61861803936,2.5195561861803935,1.2924747827791627,0.39897344839176163,25.161677081344134,0.0,15.092810153961182,788,1050,1343.7343038395902,1.279746956037705,0.6094089070449382,112,0,1.02489768672834,3.9087102962690308,0.027987049205950677,17.237321079804136,32725.25346891128,0.0,0.004030972086414047,5.68543136384114,0.0007090002197634427,20.470733170363587,0.07238095238095238,0.02298998319020079,-523.0,0.25047619047619046,2,0.0025380710659898475,0,0.0,0,0.0,30.172200861199677,1.0057400287066225,0.0,0.0,0.0,0.15223585310706797,0.5135085902923536,0.0,0.0,1.0,1.0,1.0,0,0,0.0,0.0,0.0,0.0,0.0,0.0,1.0,0.0,0.0,0.0,0.0,5,128,788,1050,0,0,0,0,0,0.0,0,0.0,0.0,0.0,0.0,0.0,0.0,0.0,0.0,0.0,0.0,0.0,0.0,0.0,0.0,0.0,0,0,0.0,0.0,0,0.0,0.0,0.0,0.0,0.0,0.0,0,0.0,0.0,0.0,0.0
9,2,2,14,76,238,292,1.5,96148.21386289627,1.9614821386289627,1.238983729312686,0.18709831204584976,10.547572804529905,0.0,14.623271703720093,238,292,362.5700718506447,1.2416783282556325,0.7148449243969877,26,0,1.2135455229844847,4.0624057431848195,0.05657562365983325,8.76581085689171,4519.661827350583,0.0,0.015098608112811192,5.716591589388566,0.0026411906249932866,11.58369676984718,0.1780821917808219,0.048975057579604596,-181.0,0.18835616438356165,2,0.008403361344537815,0,0.0,4,0.0136986301369863,20.04051955557783,1.0020259777788416,0.0,0.0,0.0,0.14943517864310382,0.4128720860406438,0.0,0.0,1.0,1.0,1.0,0,0,0.0,0.0,0.0,0.0,0.0,0.0,1.0,0.0,0.0,0.0,0.0,5,128,238,292,0,0,0,0,0,0.0,0,0.0,0.0,0.0,0.0,0.0,0.0,0.0,0.0,0.0,0.0,0.0,0.0,0.0,0.0,0.0,0,0,0.0,0.0,0,0.0,0.0,0.0,0.0,0.0,0.0,0,0.0,0.0,0.0,0.0
10,5,5,20,83,1300,1751,1.5,238215.09894365637,3.3821509894365636,1.2725913616898745,0.40009876233799724,27.89009439850115,0.0,16.41141104698181,1300,1751,2218.2857240052745,1.2668679177642914,0.6375885098679064,202,0,0.9896923933764015,3.957408621615698,0.0270862172353577,20.829821421757764,67029.79545198614,0.0,0.0033502271023028328,5.658095018788025,0.0005921122022832105,26.61620418073074,0.05711022272986865,0.045944447947004356,-846.0,0.2581382067390063,2,0.0015384615384615385,0,0.0,0,0.0,50.045471990094924,1.0009094398018785,0.0,0.0,0.0,0.07121401461029055,0.46951388922374937,0.0,0.0,1.0,1.0,1.0,0,0,0.0,0.0,0.0,0.0,0.0,0.0,1.0,0.0,0.0,0.0,0.0,5,128,1300,1751,0,0,0,0,0,0.0,0,0.0,0.0,0.0,0.0,0.0,0.0,0.0,0.0,0.0,0.0,0.0,0.0,0.0,0.0,0.0,0,0,0.0,0.0,0,0.0,0.0,0.0,0.0,0.0,0.0,0,0.0,0.0,0.0,0.0
11,4,3,19,90,696,889,1.5,154272.63155701998,2.5427263155702,1.2741498532493285,0.33083498288320223,20.097120528701936,0.0,15.701996564865112,696,889,1070.495440406693,1.2041568508511733,0.6928031803899669,122,0,1.2001435057158851,3.929002774379931,0.06234038111270356,15.06759633579275,24143.761260716103,0.0,0.0047059994862815435,5.695073684460614,0.0008263281121579424,19.562122715620607,0.10798650168728909,0.03051989436603165,-500.0,0.21822272215973004,2,0.0028735632183908046,0,0.0,0,0.0,30.480616502577753,1.0160205500858912,0.0,0.0,0.0,0.10897817349437625,0.45593864742494683,0.0,0.0,1.0,1.0,1.0,0,0,0.0,0.0,0.0,0.0,0.0,0.0,1.0,0.0,0.0,0.0,0.0,5,128,696,889,0,0,0,0,0,0.0,0,0.0,0.0,0.0,0.0,0.0,0.0,0.0,0.0,0.0,0.0,0.0,0.0,0.0,0.0,0.0,0,0,0.0,0.0,0,0.0,0.0,0.0,0.0,0.0,0.0,0,0.0,0.0,0.0,0.0
12,3,4,16,97,682,878,1.5,107118.34886714473,2.0711834886714473,1.2569515595573817,0.2343770246380824,15.0,0.0,15.583005905151367,682,878,1061.592279135406,1.2091028236166355,0.6044779638684412,114,0,1.1692189408321614,4.010514074145289,0.09626663595166356,15.026527141802205,23872.953681368468,0.0,0.004375016892775478,5.644792550495258,0.0007750536186473056,19.255015696254862,0.10478359908883828,0.031064028756095558,-483.0,0.224373576309795,2,0.002932551319648094,0,0.0,0,0.0,40.00000005555555,1.0000000013888637,0.0,0.0,0.0,0.15646198142869905,0.48524055130958116,0.0,0.0,1.0,1.0,1.0,0,0,0.0,0.0,0.0,0.0,0.0,0.0,1.0,0.0,0.0,0.0,0.0,5,128,682,878,0,0,0,0,0,0.0,0,0.0,0.0,0.0,0.0,0.0,0.0,0.0,0.0,0.0,0.0,0.0,0.0,0.0,0.0,0.0,0,0,0.0,0.0,0,0.0,0.0,0.0,0.0,0.0,0.0,0,0.0,0.0,0.0,0.0
13,4,5,7,104,996,1360,1.5,142941.14442726932,2.4294114442726933,1.2767192674339438,0.35220850806141707,20.291761027867842,0.0,15.962490797042847,996,1360,1832.056704771723,1.3471005182145022,0.6784876125762669,124,0,0.902130552136757,3.9163527021582607,0.07620548144802908,18.841646984292712,47036.668094153836,0.0,0.003666890884567104,5.740879291008946,0.0006387333191814973,23.86306835381728,0.052941176470588235,0.04061034872542796,-629.0,0.26838235294117646,2,0.002008032128514056,0,0.0,0,0.0,50.00000915382952,1.0000001830765703,0.0,0.0,0.0,0.10195339674448543,0.4680416249157798,0.0,0.0,1.0,1.0,1.0,0,0,0.0,0.0,0.0,0.0,0.0,0.0,1.0,0.0,0.0,0.0,0.0,5,128,996,1360,0,0,0,0,0,0.0,0,0.0,0.0,0.0,0.0,0.0,0.0,0.0,0.0,0.0,0.0,0.0,0.0,0.0,0.0,0.0,0,0,0.0,0.0,0,0.0,0.0,0.0,0.0,0.0,0.0,0,0.0,0.0,0.0,0.0
14,2,4,11,111,450,577,1.5,124158.68863348747,2.2415868863348747,1.282485955529777,0.19275621168135307,10.507196024670819,0.0,14.11789584159851,450,577,748.4202075271355,1.2970887478806508,0.7769868454687372,64,0,1.1561211862356728,3.9408508837766125,0.02286493427859804,13.511906664088597,13837.036753923381,0.0,0.004565488627098749,5.63310550004128,0.0008104745467778799,16.939420935412027,0.11785095320623917,0.04895516287738417,-320.0,0.2218370883882149,2,0.0044444444444444444,0,0.0,7,0.012131715771230503,40.000000071428566,1.0000000017856892,0.0,0.0,0.0,0.23335643850355242,0.5027528532267255,0.0,0.0,1.0,1.0,1.0,0,0,0.0,0.0,0.0,0.0,0.0,0.0,1.0,0.0,0.0,0.0,0.0,5,128,450,577,0,0,0,0,0,0.0,0,0.0,0.0,0.0,0.0,0.0,0.0,0.0,0.0,0.0,0.0,0.0,0.0,0.0,0.0,0.0,0,0,0.0,0.0,0,0.0,0.0,0.0,0.0,0.0,0.0,0,0.0,0.0,0.0,0.0
15,2,2,11,118,244,298,1.5,83072.42927388634,1.8307242927388634,1.2162158146832445,0.1799033947040207,11.787569537748153,0.0,14.218674659729004,244,298,366.88782747361813,1.2311672062873091,0.7035169192613757,30,0,1.2460483238884665,3.9308207309372736,0.07870233135186276,8.786772509968428,4631.687416185084,0.0,0.013544822227954946,5.618866431845754,0.002410596940191576,11.873338730351481,0.18791946308724833,0.04196790883593644,-187.0,0.18456375838926176,2,0.00819672131147541,0,0.0,4,0.013422818791946308,20.090749083456252,1.0045374541727625,0.0,0.0,0.0,0.20943545124884932,0.4180810425619273,0.0,0.0,1.0,1.0,1.0,0,0,0.0,0.0,0.0,0.0,0.0,0.0,1.0,0.0,0.0,0.0,0.0,5,128,244,298,0,0,0,0,0,0.0,0,0.0,0.0,0.0,0.0,0.0,0.0,0.0,0.0,0.0,0.0,0.0,0.0,0.0,0.0,0.0,0,0,0.0,0.0,0,0.0,0.0,0.0,0.0,0.0,0.0,0,0.0,0.0,0.0,0.0
16,3,5,18,125,752,1020,1.5,120706.56802222355,2.2070656802222355,1.2673656952674586,0.2669644417635968,15.0,0.0,14.79524302482605,752,1020,1346.732514843793,1.320325994944895,0.7774200315755754,88,0,0.924640451760602,4.081603438317701,0.07992152204939708,17.264963026859697,31980.247651088186,0.0,0.0036540587241827432,5.700398438507577,0.0006410181259432757,20.365477236025725,0.06274509803921569,0.0471780758934511,-481.0,0.26372549019607844,2,0.0026595744680851063,0,0.0,0,0.0,50.00044482235373,1.0000088964470546,0.0,0.0,0.0,0.16563108862736664,0.5719303085716804,0.0,0.0,1.0,1.0,1.0,0,0,0.0,0.0,0.0,0.0,0.0,0.0,1.0,0.0,0.0,0.0,0.0,5,128,752,1020,0,0,0,0,0,0.0,0,0.0,0.0,0.0,0.0,0.0,0.0,0.0,0.0,0.0,0.0,0.0,0.0,0.0,0.0,0.0,0,0,0.0,0.0,0,0.0,0.0,0.0,0.0,0.0,0.0,0,0.0,0.0,0.0,0.0
17,3,3,13,132,492,640,1.5,117512.68625524527,2.1751268625524527,1.2658710983870474,0.2555951427383041,15.469280863817842,0.0,15.661485433578491,492,640,809.5399114212668,1.2649061115957294,0.6658714879384918,68,0,1.1071190015105692,3.974582920188987,0.0894825867406292,12.813448616146477,14844.955148940186,0.0,0.007047908962738622,5.697534058536226,0.001237010413685546,16.810731376152866,0.103125,0.048617053395231244,-341.0,0.2328125,2,0.0040650406504065045,0,0.0,0,0.0,30.04711118423573,1.0015703728078245,0.0,0.0,0.0,0.1070684225699635,0.4177490978153283,0.0,0.0,1.0,1.0,1.0,0,0,0.0,0.0,0.0,0.0,0.0,0.0,1.0,0.0,0.0,0.0,0.0,5,128,492,640,0,0,0,0,0,0.0,0,0.0,0.0,0.0,0.0,0.0,0.0,0.0,0.0,0.0,0.0,0.0,0.0,0.0,0.0,0.0,0,0,0.0,0.0,0,0.0,0.0,0.0,0.0,0.0,0.0,0,0.0,0.0,0.0,0.0
18,3,2,6,139,377,458,1.5,115704.12567642654,2.1570412567642654,1.2302190550394783,0.261748365264674,17.516473183541486,0.0,16.128575325012207,377,458,521.8025556246024,1.139306890010049,0.7408296670431609,59,0,1.3038025277788807,4.052939845991791,0.08731391284092543,11.288242975170393,9171.285809934187,0.0,0.006949172720493959,5.644620792726743,0.001231114183869878,14.055011569501666,0.17903930131004367,0.0450277173367218,-293.0,0.17903930131004367,2,0.005305039787798408,0,0.0,4,0.008733624454148471,20.20422175892674,1.0102110879462864,0.0,0.0,0.0,0.18711554666417785,0.5038411636379471,0.0,0.0,1.0,1.0,1.0,0,0,0.0,0.0,0.0,0.0,0.0,0.0,1.0,0.0,0.0,0.0,0.0,5,128,377,458,0,0,0,0,0,0.0,0,0.0,0.0,0.0,0.0,0.0,0.0,0.0,0.0,0.0,0.0,0.0,0.0,0.0,0.0,0.0,0,0,0.0,0.0,0,0.0,0.0,0.0,0.0,0.0,0.0,0,0.0,0.0,0.0,0.0
19,5,5,19,146,1390,1827,1.5,246741.3447640199,3.4674134476401988,1.2859692146428296,0.41961692673286183,26.424599023487858,0.0,15.66779375076294,1390,1827,2243.5009971373015,1.227969894437494,0.7460191006630064,264,0,1.1109111801765474,3.9204506426251378,0.05157597528332284,20.97825433862069,70167.8980041746,0.0,0.0024840864229799015,5.666015633717317,0.00043841856139562437,25.83319089868494,0.07170224411603722,0.05466706616905061,-950.0,0.23973727422003285,2,0.0014388489208633094,0,0.0,0,0.0,49.99999999999999,0.9999999999999798,0.0,0.0,0.0,0.11075157817663789,0.6067405810775731,0.0,0.0,1.0,1.0,1.0,0,0,0.0,0.0,0.0,0.0,0.0,0.0,1.0,0.0,0.0,0.0,0.0,5,128,1390,1827,0,0,0,0,0,0.0,0,0.0,0.0,0.0,0.0,0.0,0.0,0.0,0.0,0.0,0.0,0.0,0.0,0.0,0.0,0.0,0,0,0.0,0.0,0,0.0,0.0,0.0,0.0,0.0,0.0,0,0.0,0.0,0.0,0.0
20,5,4,16,153,1045,1400,1.5,170928.66214881698,2.70928662148817,1.2813144767871651,0.38291967907285074,25.0,0.0,16.243374586105347,1045,1400,1790.7915215686635,1.279136801120474,0.6651509880964921,155,0,1.008090085047712,4.019476072408492,0.05419243381429004,18.98220168761231,48590.53428145031,0.0,0.0037007936592257096,5.7564655627572705,0.0006428933898550824,24.199121890410456,0.06428571428571428,0.029966019443677654,-687.0,0.2542857142857143,2,0.0019138755980861245,0,0.0,0,0.0,40.06956433584707,1.0017391083961515,0.0,0.0,0.0,0.09236298946398104,0.4736701515853845,0.0,0.0,1.0,1.0,1.0,0,0,0.0,0.0,0.0,0.0,0.0,0.0,1.0,0.0,0.0,0.0,0.0,5,128,1045,1400,0,0,0,0,0,0.0,0,0.0,0.0,0.0,0.0,0.0,0.0,0.0,0.0,0.0,0.0,0.0,0.0,0.0,0.0,0.0,0,0,0.0,0.0,0,0.0,0.0,0.0,0.0,0.0,0.0,0,0.0,0.0,0.0,0.0
21,2,5,19,160,562,721,1.5,91889.64587827373,1.9188964587827373,1.246380514205773,0.1705105243059056,12.083077064811453,0.0,15.380829095840454,562,721,904.8803386953323,1.2550351438215428,0.6466710379428598,80,0,1.1546825695455494,3.872047051643215,0.03363684838135855,16.04183960820808,20485.836709230978,0.0,0.002833882690608395,5.737043220196234,0.0004939622348724381,20.860734199859174,0.11650485436893204,0.043302949313671374,-400.0,0.22191400832177532,2,0.0035587188612099642,0,0.0,0,0.0,50.11489627838496,1.0022979255676792,0.0,0.0,0.0,0.1673683194640372,0.4910360993152928,0.0,0.0,1.0,1.0,1.0,0,0,0.0,0.0,0.0,0.0,0.0,0.0,1.0,0.0,0.0,0.0,0.0,5,128,562,721,0,0,0,0,0,0.0,0,0.0,0.0,0.0,0.0,0.0,0.0,0.0,0.0,0.0,0.0,0.0,0.0,0.0,0.0,0.0,0,0,0.0,0.0,0,0.0,0.0,0.0,0.0,0.0,0.0,0,0.0,0.0,0.0,0.0
22,4,3,21,167,620,828,1.5,174900.68133612396,2.7490068133612398,1.257811040670395,0.34922115765571365,22.038827198489614,0.0,15.361518621444702,620,828,1058.5915352669367,1.2784921923513728,0.7950805069116726,76,0,0.9952373457358483,3.9570810016468627,0.05938058649484047,14.809574705771853,22330.062114541157,0.0,0.003978429170001861,5.793142533697562,0.0006867480209332741,18.595174318620042,0.07729468599033816,0.03047119688462356,-409.0,0.2524154589371981,2,0.0032258064516129032,0,0.0,0,0.0,30.08546047353812,1.0028486824512373,0.0,0.0,0.0,0.16689396621545385,0.5813844156562112,0.0,0.0,1.0,1.0,1.0,0,0,0.0,0.0,0.0,0.0,0.0,0.0,1.0,0.0,0.0,0.0,0.0,5,128,620,828,0,0,0,0,0,0.0,0,0.0,0.0,0.0,0.0,0.0,0.0,0.0,0.0,0.0,0.0,0.0,0.0,0.0,0.0,0.0,0,0,0.0,0.0,0,0.0,0.0,0.0,0.0,0.0,0.0,0,0.0,0.0,0.0,0.0
23,5,3,12,174,882,1127,1.5,229323.1497131706,3.293231497131706,1.2517531041242873,0.38445763176500364,26.781774269713033,0.0,15.25311827659607,882,1127,1320.562564609442,1.171750279156559,0.7826408762906559,172,0,1.2125732575824617,3.82338217367929,0.09350283078350567,17.502813023958762,35427.24272896172,0.0,0.002731455589621885,5.714550012825652,0.0004779826204147253,22.330561282401725,0.10204081632653061,0.06123616220983302,-634.0,0.21827861579414373,2,0.0022675736961451248,0,0.0,0,0.0,30.530006494752822,1.0176668831583935,0.0,0.0,0.0,0.14969403017463984,0.5438774467139659,0.0,0.0,1.0,1.0,1.0,0,0,0.0,0.0,0.0,0.0,0.0,0.0,1.0,0.0,0.0,0.0,0.0,5,128,882,1127,0,0,0,0,0,0.0,0,0.0,0.0,0.0,0.0,0.0,0.0,0.0,0.0,0.0,0.0,0.0,0.0,0.0,0.0,0.0,0,0,0.0,0.0,0,0.0,0.0,0.0,0.0,0.0,0.0,0,0.0,0.0,0.0,0.0
24,5,3,10,181,808,1066,1.5,179376.75253017887,2.7937675253017886,1.2828610369769942,0.3938382549274093,26.01080934715754,0.0,15.633027076721191,808,1066,1350.4399230415183,1.2668291960989853,0.609236979890877,124,0,1.0733522992135311,3.8600891920313374,0.020691625287570032,17.298323367107272,33326.819026231795,0.0,0.003828850613586649,5.721512441319558,0.0006692025321722324,21.69604144429313,0.08067542213883677,0.03799797987268986,-547.0,0.24296435272045028,2,0.0024752475247524753,0,0.0,0,0.0,30.45688636240397,1.015229545413432,0.0,0.0,0.0,0.09952370780351194,0.4396164763819858,0.0,0.0,1.0,1.0,1.0,0,0,0.0,0.0,0.0,0.0,0.0,0.0,1.0,0.0,0.0,0.0,0.0,5,128,808,1066,0,0,0,0,0,0.0,0,0.0,0.0,0.0,0.0,0.0,0.0,0.0,0.0,0.0,0.0,0.0,0.0,0.0,0.0,0.0,0,0,0.0,0.0,0,0.0,0.0,0.0,0.0,0.0,0.0,0,0.0,0.0,0.0,0.0
25,3,3,8,188,480,630,1.5,139581.32788679976,2.3958132788679976,1.2643717716726568,0.2645421942902698,15.871359674400768,0.0,15.087522268295288,480,630,803.0909675649661,1.2747475675634383,0.6950800267989671,60,0,1.061278124459133,4.040270420129217,0.06825363282963005,12.679990992499643,14478.950189853396,0.01875,0.008180198540241783,5.6680856516010865,0.0014432030570902977,16.627453027139875,0.09523809523809523,0.05120791733216872,-327.0,0.2396825396825397,2,0.004166666666666667,9,0.014285714285714285,0,0.0,30.00480414478412,1.0001601381594374,0.0,0.0,0.0,0.12406342326101989,0.4288207597786505,0.0,0.0,1.0,1.0,1.0,0,0,0.0,0.0,0.0,0.0,0.0,0.0,1.0,0.0,0.0,0.0,0.0,5,128,480,630,0,0,0,0,0,0.0,0,0.0,0.0,0.0,0.0,0.0,0.0,0.0,0.0,0.0,0.0,0.0,0.0,0.0,0.0,0.0,0,0,0.0,0.0,0,0.0,0.0,0.0,0.0,0.0,0.0,0,0.0,0.0,0.0,0.0
26,3,2,22,195,333,427,1.5,137859.03133916136,2.3785903133916135,1.2581228738645973,0.2816504804922523,16.24363733910478,0.0,14.542624235153198,333,427,547.1160848728914,1.2813023064938909,0.6656379028837175,41,0,1.1309211884564792,3.8937929241665477,0.07251260234848905,10.966090550667174,8374.572927579264,0.0,0.007691257045385211,5.65371786146696,0.0013603892578021594,14.310539455117768,0.12646370023419204,0.01908800365278992,-236.0,0.2224824355971897,2,0.006006006006006006,0,0.0,6,0.01405152224824356,20.2641265330102,1.0132063266504594,0.0,0.0,0.0,0.17722266986607127,0.45725696761883294,0.0,0.0,1.0,1.0,1.0,0,0,0.0,0.0,0.0,0.0,0.0,0.0,1.0,0.0,0.0,0.0,0.0,5,128,333,427,0,0,0,0,0,0.0,0,0.0,0.0,0.0,0.0,0.0,0.0,0.0,0.0,0.0,0.0,0.0,0.0,0.0,0.0,0.0,0,0,0.0,0.0,0,0.0,0.0,0.0,0.0,0.0,0.0,0,0.0,0.0,0.0,0.0
27,3,5,6,202,774,1035,1.5,132439.47221263338,2.3243947221263337,1.2505136957656005,0.2533143993591956,15.0,0.0,15.436574935913086,774,1035,1285.8981799743742,1.2424137004583327,0.6201551017600312,96,0,0.9919145785759156,4.023540426399927,0.1003632429947943,17.155649167832074,32271.125340567552,0.0,0.0030913169738813998,5.663367925902968,0.0005458442775264286,20.210629414576584,0.07536231884057971,0.018171450832401424,-510.0,0.2531400966183575,2,0.002583979328165375,0,0.0,0,0.0,49.99999999999998,0.9999999999999796,0.0,0.0,0.0,0.15717756200038055,0.5733937098979767,0.0,0.0,1.0,1.0,1.0,0,0,0.0,0.0,0.0,0.0,0.0,0.0,1.0,0.0,0.0,0.0,0.0,5,128,774,1035,0,0,0,0,0,0.0,0,0.0,0.0,0.0,0.0,0.0,0.0,0.0,0.0,0.0,0.0,0.0,0.0,0.0,0.0,0.0,0,0,0.0,0.0,0,0.0,0.0,0.0,0.0,0.0,0.0,0,0.0,0.0,0.0,0.0
28,3,3,8,209,492,639,1.5,122678.30847761223,2.2267830847761223,1.2312301764544538,0.25982725538358975,16.75087202311356,0.0,13.959807872772217,492,639,802.1284366579782,1.2552870683223447,0.6705485250244253,66,0,1.107296744294527,4.022959641586071,0.05720932939016101,12.774132773619737,14786.514163401178,0.0,0.006647001174213631,5.635635716741772,0.0011794589835652822,16.263060288444024,0.10328638497652583,0.029317010317638833,-342.0,0.23161189358372458,2,0.0040650406504065045,0,0.0,18,0.028169014084507043,30.075495996215636,1.0025165332071546,0.0,0.0,0.0,0.14742630160208478,0.507832073741474,0.0,0.0,1.0,1.0,1.0,0,0,0.0,0.0,0.0,0.0,0.0,0.0,1.0,0.0,0.0,0.0,0.0,5,128,492,639,0,0,0,0,0,0.0,0,0.0,0.0,0.0,0.0,0.0,0.0,0.0,0.0,0.0,0.0,0.0,0.0,0.0,0.0,0.0,0,0,0.0,0.0,0,0.0,0.0,0.0,0.0,0.0,0.0,0,0.0,0.0,0.0,0.0
29,3,4,20,216,634,840,1.5,102319.58944138384,2.0231958944138384,1.2639532546574703,0.26025221608142,15.090357554884157,0.0,14.450971126556396,634,840,1082.8214686076456,1.2890731769138637,0.6585412444644706,86,0,1.040336304585003,3.961356039183907,0.044401202649255685,14.866897697975455,22658.87857033679,0.0,0.005796418718863918,5.6663308053287285,0.0010229580513392953,19.045848470803993,0.08095238095238096,0.0553772267685178,-425.0,0.24642857142857144,2,0.0031545741324921135,0,0.0,0,0.0,39.99999999999999,0.9999999999999748,0.0,0.0,0.0,0.10335673167762655,0.4283579009676367,0.0,0.0,1.0,1.0,1.0,0,0,0.0,0.0,0.0,0.0,0.0,0.0,1.0,0.0,0.0,0.0,0.0,5,128,634,840,0,0,0,0,0,0.0,0,0.0,0.0,0.0,0.0,0.0,0.0,0.0,0.0,0.0,0.0,0.0,0.0,0.0,0.0,0.0,0,0,0.0,0.0,0,0.0,0.0,0.0,0.0,0.0,0.0,0,0.0,0.0,0.0,0.0
30,4,5,18,223,1093,1440,1.5,150216.1669363458,2.502161669363458,1.272278334732635,0.32959322103518457,20.0,0.0,14.450159788131714,1093,1440,1796.7414665010292,1.2477371295146036,0.7125450709185734,187,0,1.0917777917995655,3.968967728960222,0.011936582399201309,19.034802225174868,49951.842161465844,0.0,0.0033108075412489266,5.643405261123235,0.0005866684010904037,24.35773269121851,0.07361111111111111,0.040377890121487806,-743.0,0.24166666666666667,2,0.0018298261665141812,0,0.0,0,0.0,50.00286750020277,1.0000573500040353,0.0,0.0,0.0,0.10071401926544778,0.4673985187692207,0.0,0.0,1.0,1.0,1.0,0,0,0.0,0.0,0.0,0.0,0.0,0.0,1.0,0.0,0.0,0.0,0.0,5,128,1093,1440,0,0,0,0,0,0.0,0,0.0,0.0,0.0,0.0,0.0,0.0,0.0,0.0,0.0,0.0,0.0,0.0,0.0,0.0,0.0,0,0,0.0,0.0,0,0.0,0.0,0.0,0.0,0.0,0.0,0,0.0,0.0,0.0,0.0
31,4,5,12,230,1192,1521,1.5,162119.13132617986,2.6211913132617988,1.2503221759775376,0.3406201390468921,22.73587809804059,0.0,16.739284992218018,1192,1521,1836.0566459242436,1.2071378342697197,0.6919199715931871,250,0,1.2243739617751093,3.9176805462027047,0.037869332567167055,19.138493409776547,52817.830301591566,0.0,0.002516103422550515,5.66813526868686,0.0004439032068359544,23.893738835449316,0.09467455621301775,0.03761478422407689,-860.0,0.21696252465483234,2,0.0016778523489932886,0,0.0,0,0.0,50.0,0.99999999999998,0.0,0.0,0.0,0.1414441470770183,0.5700530192338976,0.0,0.0,1.0,1.0,1.0,0,0,0.0,0.0,0.0,0.0,0.0,0.0,1.0,0.0,0.0,0.0,0.0,5,128,1192,1521,0,0,0,0,0,0.0,0,0.0,0.0,0.0,0.0,0.0,0.0,0.0,0.0,0.0,0.0,0.0,0.0,0.0,0.0,0.0,0,0,0.0,0.0,0,0.0,0.0,0.0,0.0,0.0,0.0,0,0.0,0.0,0.0,0.0
32,2,5,17,237,535,700,1.5,84303.20817499147,1.8430320817499146,1.270624953574879,0.14174871542248532,12.696007412957718,0.0,15.713562250137329,535,700,901.6926139655039,1.2881323056650056,0.6453729568932393,65,0,1.0670470533578793,3.9718685014373762,0.019248565161147212,15.966440529833731,19847.013177566114,0.0,0.003223654436248657,5.7682457361196775,0.0005588621885614504,19.006328537925725,0.1,0.03000507819256575,-367.0,0.23714285714285716,2,0.003738317757009346,0,0.0,0,0.0,49.99999999999999,0.9999999999999798,0.0,0.0,0.0,0.24496090920320823,0.5633239002907877,0.0,0.0,1.0,1.0,1.0,0,0,0.0,0.0,0.0,0.0,0.0,0.0,1.0,0.0,0.0,0.0,0.0,5,128,535,700,0,0,0,0,0,0.0,0,0.0,0.0,0.0,0.0,0.0,0.0,0.0,0.0,0.0,0.0,0.0,0.0,0.0,0.0,0.0,0,0,0.0,0.0,0,0.0,0.0,0.0,0.0,0.0,0.0,0,0.0,0.0,0.0,0.0
33,3,4,17,244,635,841,1.5,111280.06909075343,2.1128006909075343,1.264536767621888,0.276080841001311,15.0,0.0,15.63871455192566,635,841,1088.355942495019,1.2941212158085837,0.685658083311335,87,0,1.0432253119966128,3.8260036183538193,0.0807643884970185,14.882675427915698,22732.69055513521,0.0,0.004625616373813782,5.6921392798245165,0.000812632324407138,18.765344395042103,0.08442330558858502,0.03896313231686508,-426.0,0.24613555291319858,2,0.0031496062992125984,0,0.0,0,0.0,40.000000066666665,1.0000000016666415,0.0,0.0,0.0,0.16649696363135544,0.5184306100133463,0.0,0.0,1.0,1.0,1.0,0,0,0.0,0.0,0.0,0.0,0.0,0.0,1.0,0.0,0.0,0.0,0.0,5,128,635,841,0,0,0,0,0,0.0,0,0.0,0.0,0.0,0.0,0.0,0.0,0.0,0.0,0.0,0.0,0.0,0.0,0.0,0.0,0.0,0,0,0.0,0.0,0,0.0,0.0,0.0,0.0,0.0,0.0,0,0.0,0.0,0.0,0.0
34,2,2,19,251,226,284,1.5,65854.60841397768,1.6585460841397768,1.233736231293282,0.16100731913850308,12.782721826258209,0.0,15.90519404411316,226,284,359.9671255351485,1.2674898786448892,0.662058525615715,22,0,1.1395109004150126,3.9545414426350685,0.021136039450984755,8.757094192622207,4407.475212002,0.0,0.016662673202374606,5.580021765434693,0.0029861305032156216,11.275162241887905,0.15492957746478872,0.02988495218168829,-165.0,0.20774647887323944,2,0.008849557522123894,0,0.0,0,0.0,20.020610572533972,1.0010305286266485,0.0,0.0,0.0,0.14062751494693002,0.40614620748148533,0.0,0.0,1.0,1.0,1.0,0,0,0.0,0.0,0.0,0.0,0.0,0.0,1.0,0.0,0.0,0.0,0.0,5,128,226,284,0,0,0,0,0,0.0,0,0.0,0.0,0.0,0.0,0.0,0.0,0.0,0.0,0.0,0.0,0.0,0.0,0.0,0.0,0.0,0,0,0.0,0.0,0,0.0,0.0,0.0,0.0,0.0,0.0,0,0.0,0.0,0.0,0.0
35,2,2,11,258,232,289,1.5,90793.57556242116,1.9079357556242116,1.2445931232859182,0.19009926927868978,11.869951770455128,0.0,14.783715963363647,232,289,367.9554867002314,1.2732023761253681,0.7275858998882327,26,0,1.186412987229861,4.027071770923907,0.0904749187570887,8.738593752696426,4478.963410385331,0.017241379310344827,0.013664801903458331,5.638344941842193,0.0024235484072727314,11.503470667263771,0.16608996539792387,0.03753427865911275,-172.0,0.20069204152249134,2,0.008620689655172414,4,0.01384083044982699,0,0.0,20.021983292042446,1.0010991646020724,0.0,0.0,0.0,0.1681130101107356,0.42855966834545867,0.0,0.0,1.0,1.0,1.0,0,0,0.0,0.0,0.0,0.0,0.0,0.0,1.0,0.0,0.0,0.0,0.0,5,128,232,289,0,0,0,0,0,0.0,0,0.0,0.0,0.0,0.0,0.0,0.0,0.0,0.0,0.0,0.0,0.0,0.0,0.0,0.0,0.0,0,0,0.0,0.0,0,0.0,0.0,0.0,0.0,0.0,0.0,0,0.0,0.0,0.0,0.0
36,2,5,5,265,520,690,1.5,74717.39650953762,1.7471739650953761,1.259273184760217,0.1430500843015274,10.2523834979289,0.0,15.705673694610596,520,690,890.5973674595036,1.2907208224050777,0.6792027989094679,60,0,1.0101190680613157,3.8197459453367486,0.06347440861721323,15.953585834304219,19556.283619080525,0.0,0.0028607808989684486,5.674334293896273,0.0005041615017369013,21.1455239365644,0.08695652173913043,0.05236524819642047,-347.0,0.24782608695652175,2,0.0038461538461538464,0,0.0,0,0.0,49.99999999999998,0.9999999999999796,0.0,0.0,0.0,0.13856218235622222,0.4603080677212271,0.0,0.0,1.0,1.0,1.0,0,0,0.0,0.0,0.0,0.0,0.0,0.0,1.0,0.0,0.0,0.0,0.0,5,128,520,690,0,0,0,0,0,0.0,0,0.0,0.0,0.0,0.0,0.0,0.0,0.0,0.0,0.0,0.0,0.0,0.0,0.0,0.0,0.0,0,0,0.0,0.0,0,0.0,0.0,0.0,0.0,0.0,0.0,0,0.0,0.0,0.0,0.0
37,5,5,15,272,1300,1750,1.5,201391.292131649,3.01391292131649,1.2673082061328123,0.40878100579311705,28.532276438705026,0.0,16.28756046295166,1300,1750,2265.015010810288,1.2942942918915932,0.6960704659235067,200,0,0.9912642605354288,3.8886538082351123,0.10636767261331019,20.823021831167466,66954.41342350635,0.0,0.0030616274122705336,5.753840141436801,0.0005321015768619316,24.90265411263102,0.05714285714285714,0.06343091650429745,-847.0,0.25771428571428573,2,0.0015384615384615385,0,0.0,0,0.0,50.55438866071667,1.011087773214313,0.0,0.0,0.0,0.12639396469280803,0.5945151691992421,0.0,0.0,1.0,1.0,1.0,0,0,0.0,0.0,0.0,0.0,0.0,0.0,1.0,0.0,0.0,0.0,0.0,5,128,1300,1750,0,0,0,0,0,0.0,0,0.0,0.0,0.0,0.0,0.0,0.0,0.0,0.0,0.0,0.0,0.0,0.0,0.0,0.0,0.0,0,0,0.0,0.0,0,0.0,0.0,0.0,0.0,0.0,0.0,0,0.0,0.0,0.0,0.0
38,4,2,12,279,442,569,1.5,180439.76994082824,2.804397699408282,1.2577541969497978,0.3442711260559255,21.154250587132328,0.0,14.19460940361023,442,569,703.2713450619092,1.235977759335517,0.6775648451339795,56,0,1.1246471795795772,3.9958405628521083,0.043318675093132884,13.396171654223144,13609.535034918514,0.0,0.004594710666668605,5.7457587733982844,0.0007996699562015026,17.309734150070284,0.1195079086115993,0.05225220717153612,-312.0,0.22495606326889278,2,0.004524886877828055,0,0.0,15,0.026362038664323375,20.86746096814246,1.043373048407071,0.0,0.0,0.0,0.15214363799333838,0.4470066030230562,0.0,0.0,1.0,1.0,1.0,0,0,0.0,0.0,0.0,0.0,0.0,0.0,1.0,0.0,0.0,0.0,0.0,5,128,442,569,0,0,0,0,0,0.0,0,0.0,0.0,0.0,0.0,0.0,0.0,0.0,0.0,0.0,0.0,0.0,0.0,0.0,0.0,0.0,0,0,0.0,0.0,0,0.0,0.0,0.0,0.0,0.0,0.0,0,0.0,0.0,0.0,0.0
39,4,4,5,286,860,1136,1.5,165976.9334420484,2.659769334420484,1.2800073331966584,0.3055164558360179,20.22876714730946,0.0,15.218381881713867,860,1136,1485.6455681657033,1.3077865916951612,0.6853067624936253,132,0,1.0687463531670067,3.898215405670746,0.153447601767655,16.81690171842296,34851.02434759721,0.0,0.003308217161183579,5.581506807592993,0.0005927104051333487,22.019579283645125,0.07746478873239436,0.05276305819443904,-581.0,0.2438380281690141,2,0.002325581395348837,0,0.0,0,0.0,39.99999999999999,0.9999999999999748,0.0,0.0,0.0,0.13519672461773494,0.5184858924805595,0.0,0.0,1.0,1.0,1.0,0,0,0.0,0.0,0.0,0.0,0.0,0.0,1.0,0.0,0.0,0.0,0.0,5,128,860,1136,0,0,0,0,0,0.0,0,0.0,0.0,0.0,0.0,0.0,0.0,0.0,0.0,0.0,0.0,0.0,0.0,0.0,0.0,0.0,0,0,0.0,0.0,0,0.0,0.0,0.0,0.0,0.0,0.0,0,0.0,0.0,0.0,0.0
40,4,2,14,293,440,568,1.5,157360.5468552437,2.573605468552437,1.260338839686679,0.348030494505749,24.1321866341339,0.0,15.18013334274292,440,568,709.5672706148588,1.2492381524909486,0.6685981570802537,56,0,1.1172031998901555,3.8961097577630874,0.05144905099363329,13.408532325307911,13539.658319437818,0.0,0.004410695929231919,5.687840901213581,0.0007754604964935041,16.901811969351833,0.11267605633802817,0.03651958026084786,-309.0,0.22711267605633803,2,0.004545454545454545,0,0.0,8,0.014084507042253521,21.487598075292766,1.0743799037645847,0.0,0.0,0.0,0.22138590752165882,0.531011442188874,0.0,0.0,1.0,1.0,1.0,0,0,0.0,0.0,0.0,0.0,0.0,0.0,1.0,0.0,0.0,0.0,0.0,5,128,440,568,0,0,0,0,0,0.0,0,0.0,0.0,0.0,0.0,0.0,0.0,0.0,0.0,0.0,0.0,0.0,0.0,0.0,0.0,0.0,0,0,0.0,0.0,0,0.0,0.0,0.0,0.0,0.0,0.0,0,0.0,0.0,0.0,0.0
41,4,3,13,300,650,853,1.5,160239.33825941436,2.6023933825941437,1.2852146936895277,0.3358551801505678,20.0,0.0,14.667702913284302,650,853,1079.913755741949,1.2660184709753213,0.6847151955872309,96,0,1.0874290848114136,3.920480853974542,0.03249426894415739,14.968609054930251,23142.743065911556,0.0,0.005291150083108,5.64221678646278,0.0009377785865658296,18.891065544624865,0.08909730363423213,0.027789164937206658,-444.0,0.2391559202813599,2,0.003076923076923077,0,0.0,0,0.0,30.170313225998886,1.0056771075332627,0.0,0.0,0.0,0.12532947603492567,0.49518156278269465,0.0,0.0,1.0,1.0,1.0,0,0,0.0,0.0,0.0,0.0,0.0,0.0,1.0,0.0,0.0,0.0,0.0,5,128,650,853,0,0,0,0,0,0.0,0,0.0,0.0,0.0,0.0,0.0,0.0,0.0,0.0,0.0,0.0,0.0,0.0,0.0,0.0,0.0,0,0,0.0,0.0,0,0.0,0.0,0.0,0.0,0.0,0.0,0,0.0,0.0,0.0,0.0
42,5,4,13,307,1095,1440,1.5,217012.36011057184,3.1701236011057183,1.2720469567673003,0.4152338961027081,26.065980035471917,0.0,14.396610021591187,1095,1440,1774.0787824389465,1.2319991544714906,0.6853773543851089,185,0,1.0973178115634126,3.842225095152519,0.05230193582947472,18.99890266226897,49897.6096455204,0.0,0.0031294623411373223,5.668447340908498,0.0005520845750037792,23.310261868389638,0.0763888888888889,0.02484025295519939,-747.0,0.24027777777777778,2,0.0018264840182648401,0,0.0,0,0.0,40.064772369721794,1.0016193092430197,0.0,0.0,0.0,0.12046131686725678,0.564655110953332,0.0,0.0,1.0,1.0,1.0,0,0,0.0,0.0,0.0,0.0,0.0,0.0,1.0,0.0,0.0,0.0,0.0,5,128,1095,1440,0,0,0,0,0,0.0,0,0.0,0.0,0.0,0.0,0.0,0.0,0.0,0.0,0.0,0.0,0.0,0.0,0.0,0.0,0.0,0,0,0.0,0.0,0,0.0,0.0,0.0,0.0,0.0,0.0,0,0.0,0.0,0.0,0.0
43,5,5,6,314,1270,1725,1.5,176093.71764577983,2.7609371764577983,1.2862705034874944,0.40992486288576957,25.652775207169046,0.0,15.729917764663696,1270,1725,2243.6840514152755,1.300686406617551,0.6587230896090663,180,0,0.9416485134145682,4.092153399446518,0.025948019540759953,20.815588017548233,66062.17705902507,0.0,0.002966849063572291,5.662599130001025,0.0005239376822302499,24.745362148880325,0.05217391304347826,0.05943738541071297,-812.0,0.2643478260869565,2,0.0015748031496062992,0,0.0,0,0.0,49.99999999999998,0.9999999999999796,0.0,0.0,0.0,0.12634697518071597,0.6039182757547472,0.0,0.0,1.0,1.0,1.0,0,0,0.0,0.0,0.0,0.0,0.0,0.0,1.0,0.0,0.0,0.0,0.0,5,128,1270,1725,0,0,0,0,0,0.0,0,0.0,0.0,0.0,0.0,0.0,0.0,0.0,0.0,0.0,0.0,0.0,0.0,0.0,0.0,0.0,0,0,0.0,0.0,0,0.0,0.0,0.0,0.0,0.0,0.0,0,0.0,0.0,0.0,0.0
44,2,5,9,321,535,700,1.5,66505.05549401957,1.6650505549401957,1.2778769426163121,0.160987275356618,10.646711406302172,0.0,14.876018762588501,535,700,905.6663505575119,1.293809072225017,0.6543629361373844,65,0,1.0670470533578793,3.8498516892943178,0.04736384648323942,15.995349789082756,19884.704984137614,0.0,0.003603724727529215,5.551439960782714,0.0006491513468553239,19.3873219223634,0.1,0.05477942529726133,-367.0,0.23714285714285716,2,0.003738317757009346,0,0.0,0,0.0,49.99999999999998,0.9999999999999796,0.0,0.0,0.0,0.12130238305270583,0.4731552923205736,0.0,0.0,1.0,1.0,1.0,0,0,0.0,0.0,0.0,0.0,0.0,0.0,1.0,0.0,0.0,0.0,0.0,5,128,535,700,0,0,0,0,0,0.0,0,0.0,0.0,0.0,0.0,0.0,0.0,0.0,0.0,0.0,0.0,0.0,0.0,0.0,0.0,0.0,0,0,0.0,0.0,0,0.0,0.0,0.0,0.0,0.0,0.0,0,0.0,0.0,0.0,0.0
45,4,5,12,328,1020,1380,1.5,200725.88984007185,3.0072588984007185,1.276652776359193,0.3281888955411337,22.765747254009778,0.0,17.103477001190186,1020,1380,1763.091486174796,1.2776025262136204,0.7571262411317977,140,0,0.9561781213852658,4.027977320069066,0.06816476981288094,18.85470919539645,47664.54374408061,0.0,0.0027994136227233145,5.733897987595095,0.0004882217348092293,23.34118609170852,0.057971014492753624,0.050860683090842594,-657.0,0.26159420289855073,2,0.00196078431372549,0,0.0,0,0.0,50.0,0.99999999999998,0.0,0.0,0.0,0.12666104343972337,0.582429490678794,0.0,0.0,1.0,1.0,1.0,0,0,0.0,0.0,0.0,0.0,0.0,0.0,1.0,0.0,0.0,0.0,0.0,5,128,1020,1380,0,0,0,0,0,0.0,0,0.0,0.0,0.0,0.0,0.0,0.0,0.0,0.0,0.0,0.0,0.0,0.0,0.0,0.0,0.0,0,0,0.0,0.0,0,0.0,0.0,0.0,0.0,0.0,0.0,0,0.0,0.0,0.0,0.0
46,3,4,7,335,699,890,1.5,125376.47235281667,2.2537647235281666,1.2141605792244707,0.25793826786069446,16.779025439824167,0.0,14.74279499053955,699,890,1047.0709334374078,1.1764841948734919,0.7377333426697227,121,0,1.2077587994160586,3.9546888839031094,0.11280805247668148,14.99735933351091,24162.848299053112,0.0,0.0034100234913253214,5.675973319794194,0.000600782156503929,19.253190189833205,0.11573033707865168,0.03127611916304597,-505.0,0.2157303370786517,2,0.002861230329041488,0,0.0,0,0.0,40.0,0.9999999999999749,0.0,0.0,0.0,0.20389821604707223,0.5538982026794482,0.0,0.0,1.0,1.0,1.0,0,0,0.0,0.0,0.0,0.0,0.0,0.0,1.0,0.0,0.0,0.0,0.0,5,128,699,890,0,0,0,0,0,0.0,0,0.0,0.0,0.0,0.0,0.0,0.0,0.0,0.0,0.0,0.0,0.0,0.0,0.0,0.0,0.0,0,0,0.0,0.0,0,0.0,0.0,0.0,0.0,0.0,0.0,0,0.0,0.0,0.0,0.0
47,2,4,9,342,462,585,1.5,85896.92198972599,1.8589692198972598,1.2573398518052132,0.16232049908227955,11.60799733098749,0.0,14.512696981430054,462,585,723.8999297482151,1.237435777347376,0.6494279710101595,68,0,1.1970650314041067,4.006934525232053,0.06570018646156807,13.462572271151814,13972.089552580375,0.0,0.004545830571400021,5.615448270083643,0.000809522295061851,17.263299245945667,0.12991452991452992,0.0378337870210472,-336.0,0.21196581196581196,2,0.004329004329004329,0,0.0,8,0.013675213675213675,40.00000007142856,1.000000001785689,0.0,0.0,0.0,0.1847717963982366,0.4711656225575113,0.0,0.0,1.0,1.0,1.0,0,0,0.0,0.0,0.0,0.0,0.0,0.0,1.0,0.0,0.0,0.0,0.0,5,128,462,585,0,0,0,0,0,0.0,0,0.0,0.0,0.0,0.0,0.0,0.0,0.0,0.0,0.0,0.0,0.0,0.0,0.0,0.0,0.0,0,0,0.0,0.0,0,0.0,0.0,0.0,0.0,0.0,0.0,0,0.0,0.0,0.0,0.0
48,4,3,7,349,650,853,1.5,161745.8923660983,2.617458923660983,1.2663356208940755,0.31616530482935556,20.0,0.0,15.411295413970947,650,853,1072.0753241270427,1.2568292193751966,0.6431487664286558,96,0,1.0874290848114136,3.883795043665925,0.07133336758947682,14.953422119808119,23092.23639422225,0.0,0.005093723127742235,5.642166948973535,0.0009027955347312117,19.088306270001187,0.08909730363423213,0.043190877055783825,-444.0,0.2391559202813599,2,0.003076923076923077,0,0.0,0,0.0,30.118136219395204,1.0039378739798068,0.0,0.0,0.0,0.11604772245749093,0.44962897173650085,0.0,0.0,1.0,1.0,1.0,0,0,0.0,0.0,0.0,0.0,0.0,0.0,1.0,0.0,0.0,0.0,0.0,5,128,650,853,0,0,0,0,0,0.0,0,0.0,0.0,0.0,0.0,0.0,0.0,0.0,0.0,0.0,0.0,0.0,0.0,0.0,0.0,0.0,0,0,0.0,0.0,0,0.0,0.0,0.0,0.0,0.0,0.0,0,0.0,0.0,0.0,0.0
49,2,2,18,356,232,288,1.5,72184.58215742774,1.7218458215742773,1.22031666232514,0.17364211313064268,12.793759460243612,0.0,14.164210319519043,232,288,371.4021907334777,1.2895909400467975,0.765947966360086,24,0,1.1785594639469634,3.9721402535688695,0.0031988280563329456,8.793276857289232,4481.969086712701,0.0,0.013987514966348128,5.699255370301692,0.0024542706121282714,11.509217793700552,0.16666666666666666,0.017595182533481,-173.0,0.19791666666666666,2,0.008620689655172414,0,0.0,8,0.027777777777777776,20.14791953736498,1.0073959768681988,0.0,0.0,0.0,0.18404953684006536,0.44561816366130785,0.0,0.0,1.0,1.0,1.0,0,0,0.0,0.0,0.0,0.0,0.0,0.0,1.0,0.0,0.0,0.0,0.0,5,128,232,288,0,0,0,0,0,0.0,0,0.0,0.0,0.0,0.0,0.0,0.0,0.0,0.0,0.0,0.0,0.0,0.0,0.0,0.0,0.0,0,0,0.0,0.0,0,0.0,0.0,0.0,0.0,0.0,0.0,0,0.0,0.0,0.0,0.0
50,4,4,13,363,860,1137,1.5,137542.8887702311,2.375428887702311,1.277218336448427,0.3245935275016572,20.0,0.0,14.932161569595337,860,1137,1441.876192150537,1.268140890193964,0.6528494640121069,134,0,1.067322266852677,3.92901648210516,0.07815243901030239,16.831411160990424,34903.26230288361,0.0,0.004274028321419039,5.675180083741133,0.0007531088455964564,21.93606952378374,0.0773966578715919,0.04810524884702073,-580.0,0.24450307827616535,2,0.002325581395348837,0,0.0,0,0.0,40.04527635234959,1.0011319088087147,0.0,0.0,0.0,0.10177323651634304,0.46739232567424016,0.0,0.0,1.0,1.0,1.0,0,0,0.0,0.0,0.0,0.0,0.0,0.0,1.0,0.0,0.0,0.0,0.0,5,128,860,1137,0,0,0,0,0,0.0,0,0.0,0.0,0.0,0.0,0.0,0.0,0.0,0.0,0.0,0.0,0.0,0.0,0.0,0.0,0.0,0,0,0.0,0.0,0,0.0,0.0,0.0,0.0,0.0,0.0,0,0.0,0.0,0.0,0.0
51,4,4,14,370,920,1185,1.5,204859.47708171018,3.0485947708171017,1.2797362369673277,0.35147497457594384,23.932606494843007,0.0,14.47104287147522,920,1185,1461.9014654033083,1.2336721227032137,0.7153360398348183,170,0,1.1807291722932516,4.034611918124617,0.020922470430878807,16.956198695971242,36469.51542834138,0.0,0.004176082322865159,5.652316900656732,0.0007388266433503063,22.51411978994181,0.09451476793248945,0.05178886813012532,-652.0,0.22447257383966246,2,0.002173913043478261,0,0.0,0,0.0,40.003331966249576,1.0000832991562143,0.0,0.0,0.0,0.11030729550171178,0.4355322694217033,0.0,0.0,1.0,1.0,1.0,0,0,0.0,0.0,0.0,0.0,0.0,0.0,1.0,0.0,0.0,0.0,0.0,5,128,920,1185,0,0,0,0,0,0.0,0,0.0,0.0,0.0,0.0,0.0,0.0,0.0,0.0,0.0,0.0,0.0,0.0,0.0,0.0,0.0,0,0,0.0,0.0,0,0.0,0.0,0.0,0.0,0.0,0.0,0,0.0,0.0,0.0,0.0
52,5,2,23,377,565,721,1.5,199594.9185968339,2.995949185968339,1.2560157078219651,0.4039441125178973,25.55729884710968,0.0,14.459501028060913,565,721,917.8433282473884,1.2730143248923556,0.7148266346293664,77,0,1.1624344520220555,4.001057792803774,0.03329746904913734,16.03790282867957,20528.649959655442,0.017699115044247787,0.0031510833768966426,5.64498041197875,0.0005582097982500398,19.55174794451767,0.12482662968099861,0.02630043174852383,-406.0,0.217753120665742,2,0.0035398230088495575,10,0.013869625520110958,0,0.0,20.780186428752643,1.0390093214375802,0.0,0.0,0.0,0.15228894291005443,0.5183411003016459,0.0,0.0,1.0,1.0,1.0,0,0,0.0,0.0,0.0,0.0,0.0,0.0,1.0,0.0,0.0,0.0,0.0,5,128,565,721,0,0,0,0,0,0.0,0,0.0,0.0,0.0,0.0,0.0,0.0,0.0,0.0,0.0,0.0,0.0,0.0,0.0,0.0,0.0,0,0,0.0,0.0,0,0.0,0.0,0.0,0.0,0.0,0.0,0,0.0,0.0,0.0,0.0
53,4,5,11,384,1045,1400,1.5,199329.4964033569,2.993294964033569,1.2777022339160027,0.34830451427865183,21.878209323959183,0.0,14.65779995918274,1045,1400,1765.5141419321396,1.2610815299515283,0.7786824344573321,155,0,1.008090085047712,3.9577453870444215,0.06278977787881955,18.953285482943418,48521.440186087464,0.019138755980861243,0.0031023648207946374,5.743198516008737,0.0005401806697342059,22.702703990907256,0.06428571428571428,0.06321047125815989,-687.0,0.2542857142857143,2,0.0019138755980861245,20,0.014285714285714285,0,0.0,50.0072108447922,1.000144216895824,0.0,0.0,0.0,0.10559698748361093,0.5904095271333532,0.0,0.0,1.0,1.0,1.0,0,0,0.0,0.0,0.0,0.0,0.0,0.0,1.0,0.0,0.0,0.0,0.0,5,128,1045,1400,0,0,0,0,0,0.0,0,0.0,0.0,0.0,0.0,0.0,0.0,0.0,0.0,0.0,0.0,0.0,0.0,0.0,0.0,0.0,0,0,0.0,0.0,0,0.0,0.0,0.0,0.0,0.0,0.0,0,0.0,0.0,0.0,0.0
54,2,5,8,391,565,721,1.5,87916.65824106424,1.8791665824106425,1.2668110989036023,0.16463819888408304,11.232805942321486,0.0,15.006298065185547,565,721,875.1827904741133,1.2138457565521683,0.7215771823289703,77,0,1.1624344520220555,3.8484179087659873,0.022763368658235583,16.09357927487016,20612.559079876315,0.0,0.00239526790167231,5.6695757526271695,0.00042247744913928836,20.09656059750204,0.12482662968099861,0.03910168530194378,-406.0,0.217753120665742,2,0.0035398230088495575,0,0.0,0,0.0,50.051689496020934,1.0010337899203987,0.0,0.0,0.0,0.21657696863623002,0.5862355070245711,0.0,0.0,1.0,1.0,1.0,0,0,0.0,0.0,0.0,0.0,0.0,0.0,1.0,0.0,0.0,0.0,0.0,5,128,565,721,0,0,0,0,0,0.0,0,0.0,0.0,0.0,0.0,0.0,0.0,0.0,0.0,0.0,0.0,0.0,0.0,0.0,0.0,0.0,0,0,0.0,0.0,0,0.0,0.0,0.0,0.0,0.0,0.0,0,0.0,0.0,0.0,0.0
55,3,2,11,398,325,421,1.5,117168.6683516314,2.171686683516314,1.2430587450297348,0.2712135995154574,15.917848398988873,0.0,13.832160949707031,325,421,548.9841361478934,1.3040003233916708,0.7455970328338637,37,0,1.0874290848114136,3.9629083248176653,0.008752175751716626,10.827973602125457,8168.973420081258,0.018461538461538463,0.006982161499925021,5.718861267645561,0.001220900660665674,14.259620132953467,0.1187648456057007,0.05598659876270418,-226.0,0.23040380047505937,2,0.006153846153846154,6,0.014251781472684086,12,0.028503562945368172,20.08423995206166,1.004211997603033,0.0,0.0,0.0,0.17905084695226942,0.4731637866131657,0.0,0.0,1.0,1.0,1.0,0,0,0.0,0.0,0.0,0.0,0.0,0.0,1.0,0.0,0.0,0.0,0.0,5,128,325,421,0,0,0,0,0,0.0,0,0.0,0.0,0.0,0.0,0.0,0.0,0.0,0.0,0.0,0.0,0.0,0.0,0.0,0.0,0.0,0,0,0.0,0.0,0,0.0,0.0,0.0,0.0,0.0,0.0,0,0.0,0.0,0.0,0.0
56,2,4,15,405,464,585,1.5,91183.62691733836,1.9118362691733837,1.2462741520679317,0.18803631485050334,10.968910160328864,0.0,13.436305284500122,464,585,754.2911659163791,1.2893866084040668,0.7527706574623381,66,0,1.2023594966084572,3.8928763167484517,0.1133188740842688,13.434232859111203,13972.458104426565,0.0,0.005825267742306024,5.681629467202093,0.0010252811761013413,16.00889997765696,0.13675213675213677,0.03516305595982835,-340.0,0.20854700854700856,2,0.004310344827586207,0,0.0,16,0.02735042735042735,40.04218162195437,1.0010545405488342,0.0,0.0,0.0,0.1985766437060157,0.509389552263439,0.0,0.0,1.0,1.0,1.0,0,0,0.0,0.0,0.0,0.0,0.0,0.0,1.0,0.0,0.0,0.0,0.0,5,128,464,585,0,0,0,0,0,0.0,0,0.0,0.0,0.0,0.0,0.0,0.0,0.0,0.0,0.0,0.0,0.0,0.0,0.0,0.0,0.0,0,0,0.0,0.0,0,0.0,0.0,0.0,0.0,0.0,0.0,0,0.0,0.0,0.0,0.0
57,2,5,17,412,556,721,1.5,76368.17947480947,1.7636817947480947,1.2814888277905983,0.16350411327866463,11.072145596966692,0.0,15.013835191726685,556,721,909.631332157911,1.2616245938389887,0.7240293663909019,86,0,1.1346765835141226,4.024021094371869,0.10757528540181194,16.098783932504837,20473.985259103974,0.017985611510791366,0.0027322445851472666,5.569544291425391,0.0004905687866336231,19.657534512930198,0.09986130374479889,0.043214768640423055,-388.0,0.2302357836338419,2,0.0035971223021582736,10,0.013869625520110958,0,0.0,49.999999999999986,0.9999999999999797,0.0,0.0,0.0,0.17374284801379367,0.5935106975172039,0.0,0.0,1.0,1.0,1.0,0,0,0.0,0.0,0.0,0.0,0.0,0.0,1.0,0.0,0.0,0.0,0.0,5,128,556,721,0,0,0,0,0,0.0,0,0.0,0.0,0.0,0.0,0.0,0.0,0.0,0.0,0.0,0.0,0.0,0.0,0.0,0.0,0.0,0,0,0.0,0.0,0,0.0,0.0,0.0,0.0,0.0,0.0,0,0.0,0.0,0.0,0.0
58,5,4,23,419,1119,1462,1.5,287814.9595943113,3.878149595943113,1.2710575886787174,0.40169580949312056,25.914488894295168,0.0,31.58433747291565,1119,1462,1807.6158854859684,1.2363993744774067,0.7332580685655605,205,0,1.1303823157635462,3.8961626042090156,0.04883092318290767,19.047018515845807,50742.02461887982,0.017873100983020553,0.002892399339820103,5.717829883358755,0.0005058561375247755,24.02013521528454,0.08071135430916553,0.046818861598475654,-773.0,0.23529411764705882,2,0.0017873100983020554,20,0.013679890560875513,0,0.0,40.16562472677647,1.0041406181693866,0.0,0.0,0.0,0.12314511733521921,0.5610877629055202,0.0,0.0,1.0,1.0,1.0,0,0,0.0,0.0,0.0,0.0,0.0,0.0,1.0,0.0,0.0,0.0,0.0,5,128,1119,1462,0,0,0,0,0,0.0,0,0.0,0.0,0.0,0.0,0.0,0.0,0.0,0.0,0.0,0.0,0.0,0.0,0.0,0.0,0.0,0,0,0.0,0.0,0,0.0,0.0,0.0,0.0,0.0,0.0,0,0.0,0.0,0.0,0.0
59,3,5,6,426,790,1050,1.5,128372.30549883998,2.2837230549884,1.2846019477372779,0.267298033690464,15.65762694638901,0.0,15.536099672317505,790,1050,1341.9070763218883,1.2780067393541794,0.6904937628106709,110,0,1.032044247651516,3.8867741610751128,0.057998783672413574,17.258579356965694,32790.473057358904,0.0,0.003473160591676512,5.61847522730373,0.0006181678215466016,21.750904044536426,0.0761904761904762,0.038203640255070934,-527.0,0.24857142857142858,2,0.002531645569620253,0,0.0,0,0.0,50.004161900832784,1.0000832380166356,0.0,0.0,0.0,0.12113376807355762,0.4615195033821008,0.0,0.0,1.0,1.0,1.0,0,0,0.0,0.0,0.0,0.0,0.0,0.0,1.0,0.0,0.0,0.0,0.0,5,128,790,1050,0,0,0,0,0,0.0,0,0.0,0.0,0.0,0.0,0.0,0.0,0.0,0.0,0.0,0.0,0.0,0.0,0.0,0.0,0.0,0,0,0.0,0.0,0,0.0,0.0,0.0,0.0,0.0,0.0,0,0.0,0.0,0.0,0.0
60,3,2,10,433,350,439,1.5,116801.3829351485,2.168013829351485,1.2280860281122075,0.25234579410947017,15.377344069846668,0.0,14.303104162216187,350,439,530.9956874213469,1.2095573745360977,0.6897220293954428,48,0,1.2086622140476255,3.921732168597816,0.09163677176018341,10.95059834310818,8549.789327380973,0.0,0.007671363961108488,5.590095185152398,0.0013723136560326705,14.367891936144085,0.14578587699316628,0.05055158620148854,-258.0,0.20501138952164008,2,0.005714285714285714,0,0.0,6,0.01366742596810934,20.070757117555427,1.0035378558777213,0.0,0.0,0.0,0.19544030625447528,0.4580366942654572,0.0,0.0,1.0,1.0,1.0,0,0,0.0,0.0,0.0,0.0,0.0,0.0,1.0,0.0,0.0,0.0,0.0,5,128,350,439,0,0,0,0,0,0.0,0,0.0,0.0,0.0,0.0,0.0,0.0,0.0,0.0,0.0,0.0,0.0,0.0,0.0,0.0,0.0,0,0,0.0,0.0,0,0.0,0.0,0.0,0.0,0.0,0.0,0,0.0,0.0,0.0,0.0
61,5,5,16,440,1360,1800,1.5,156854.96520849664,2.5685496520849664,1.27672330857202,0.396971055369857,25.42517518686013,0.0,14.940891027450562,1360,1800,2246.4487114973913,1.2480270619429952,0.731093202606871,240,0,1.0768432162250887,3.9522619160839816,0.10412167387478673,20.958016636522046,69099.74314611549,0.0,0.0029137530318075235,5.562593511984823,0.0005238119638850486,27.06860148032723,0.06666666666666667,0.05422431346580012,-917.0,0.245,2,0.0014705882352941176,0,0.0,0,0.0,50.02418668082268,1.0004837336164336,0.0,0.0,0.0,0.07748441434471168,0.4385355533265357,0.0,0.0,1.0,1.0,1.0,0,0,0.0,0.0,0.0,0.0,0.0,0.0,1.0,0.0,0.0,0.0,0.0,5,128,1360,1800,0,0,0,0,0,0.0,0,0.0,0.0,0.0,0.0,0.0,0.0,0.0,0.0,0.0,0.0,0.0,0.0,0.0,0.0,0.0,0,0,0.0,0.0,0,0.0,0.0,0.0,0.0,0.0,0.0,0,0.0,0.0,0.0,0.0
62,5,5,15,447,1330,1776,1.5,194265.46974645738,2.9426546974645738,1.2812853758326563,0.4050690048890356,25.0,0.0,8.306498765945435,1330,1776,2191.07633118957,1.2337141504445777,0.5825314167274054,222,0,1.0345996602942173,3.956648795960943,0.04289894439821636,20.886237764337864,68062.69211318533,0.0,0.002982913464311678,5.606091871286671,0.0005320842991512602,26.78766328914838,0.061936936936936936,0.03184038786708572,-881.0,0.2516891891891892,2,0.0015037593984962407,0,0.0,0,0.0,50.17668375099029,1.0035336750197859,0.0,0.0,0.0,0.0882549199785876,0.4744660351019561,0.0,0.0,1.0,1.0,1.0,0,0,0.0,0.0,0.0,0.0,0.0,0.0,1.0,0.0,0.0,0.0,0.0,5,128,1330,1776,0,0,0,0,0,0.0,0,0.0,0.0,0.0,0.0,0.0,0.0,0.0,0.0,0.0,0.0,0.0,0.0,0.0,0.0,0.0,0,0,0.0,0.0,0,0.0,0.0,0.0,0.0,0.0,0.0,0,0.0,0.0,0.0,0.0
63,5,3,11,454,828,1080,1.5,222673.2114876923,3.226732114876923,1.2263712598953,0.3712423423252084,26.275391837185815,0.0,15.827908754348755,828,1080,1321.1911610199918,1.223325149092585,0.8275381234904964,132,0,1.1194439162890895,3.8402512491310956,0.05522186336520241,17.4009526074375,33916.4565558681,0.018115942028985508,0.003224365468824111,5.5599401408951294,0.0005799280904316391,20.997505680855664,0.08888888888888889,0.06296098230612453,-573.0,0.23425925925925925,2,0.0024154589371980675,15,0.013888888888888888,0,0.0,30.34638945782773,1.0115463152608906,0.0,0.0,0.0,0.16147410825044486,0.5743599032321272,0.0,0.0,1.0,1.0,1.0,0,0,0.0,0.0,0.0,0.0,0.0,0.0,1.0,0.0,0.0,0.0,0.0,5,128,828,1080,0,0,0,0,0,0.0,0,0.0,0.0,0.0,0.0,0.0,0.0,0.0,0.0,0.0,0.0,0.0,0.0,0.0,0.0,0.0,0,0,0.0,0.0,0,0.0,0.0,0.0,0.0,0.0,0.0,0,0.0,0.0,0.0,0.0
64,3,2,5,461,326,421,1.5,156050.92219592512,2.560509221959251,1.2492605810823232,0.2891679200107452,15.928248848045062,0.0,17.931516885757446,326,421,537.6358779515137,1.2770448407399377,0.6843417121781623,36,0,1.091170324517262,3.9503097903545306,0.04157581834937158,10.903674778575057,8235.408045141157,0.0,0.006531640930104474,5.64395906316118,0.0011572799974287813,14.454346389806512,0.12351543942992874,0.0395555770277545,-228.0,0.22802850356294538,2,0.006134969325153374,0,0.0,0,0.0,20.281014527442483,1.0140507263720735,0.0,0.0,0.0,0.18141962720058266,0.4651421460062332,0.0,0.0,1.0,1.0,1.0,0,0,0.0,0.0,0.0,0.0,0.0,0.0,1.0,0.0,0.0,0.0,0.0,5,128,326,421,0,0,0,0,0,0.0,0,0.0,0.0,0.0,0.0,0.0,0.0,0.0,0.0,0.0,0.0,0.0,0.0,0.0,0.0,0.0,0,0,0.0,0.0,0,0.0,0.0,0.0,0.0,0.0,0.0,0,0.0,0.0,0.0,0.0
65,2,4,24,468,450,576,1.5,89885.67851030562,1.8988567851030562,1.2483401660156423,0.18228359003199684,13.962716010691823,0.0,18.601646423339844,450,576,725.4571431050192,1.2594742067795472,0.7825381350967184,62,0,1.1557264471882254,4.041740895781331,0.0951816428244003,13.518761259987214,13781.315904250085,0.0,0.004474332225945681,5.720869862846377,0.0007821069755498209,16.88343479336798,0.11805555555555555,0.04563503231944533,-321.0,0.2204861111111111,2,0.0044444444444444444,0,0.0,16,0.027777777777777776,39.999999999999986,0.9999999999999746,0.0,0.0,0.0,0.25744030625522346,0.5325743248638858,0.0,0.0,1.0,1.0,1.0,0,0,0.0,0.0,0.0,0.0,0.0,0.0,1.0,0.0,0.0,0.0,0.0,5,128,450,576,0,0,0,0,0,0.0,0,0.0,0.0,0.0,0.0,0.0,0.0,0.0,0.0,0.0,0.0,0.0,0.0,0.0,0.0,0.0,0,0,0.0,0.0,0,0.0,0.0,0.0,0.0,0.0,0.0,0,0.0,0.0,0.0,0.0
66,2,2,7,475,238,293,1.5,72385.91226766369,1.7238591226766369,1.21298140264938,0.17292064536716656,11.83199283346591,0.0,17.631191730499268,238,293,354.59341669025383,1.2102164392158834,0.7425036248642279,28,0,1.2212579209200143,3.941153578340402,0.06971947802259792,8.917307773842104,4601.680437204162,0.0,0.01566932136572248,5.549306238949896,0.0028236541093621076,11.225507924688863,0.17747440273037543,0.040939630206253554,-180.0,0.19112627986348124,2,0.008403361344537815,0,0.0,0,0.0,20.670481875943725,1.0335240937971346,0.0,0.0,0.0,0.15341161692613667,0.4405329087959669,0.0,0.0,1.0,1.0,1.0,0,0,0.0,0.0,0.0,0.0,0.0,0.0,1.0,0.0,0.0,0.0,0.0,5,128,238,293,0,0,0,0,0,0.0,0,0.0,0.0,0.0,0.0,0.0,0.0,0.0,0.0,0.0,0.0,0.0,0.0,0.0,0.0,0.0,0,0,0.0,0.0,0,0.0,0.0,0.0,0.0,0.0,0.0,0,0.0,0.0,0.0,0.0
67,4,3,12,482,666,865,1.5,182374.20391218527,2.8237420391218526,1.2619006111244597,0.3484390523201121,20.41404935047185,0.0,16.94291377067566,666,865,1121.255627256286,1.2962492800650707,0.8509580139162817,104,0,1.1309211884564792,3.832034827721358,0.06745362315074659,15.06751018192817,23571.42731157057,0.0,0.004478618567504488,5.745164610312138,0.0007795457347670988,19.36754498859762,0.09710982658959537,0.06282251699844181,-464.0,0.23121387283236994,2,0.003003003003003003,0,0.0,0,0.0,30.232618915967546,1.0077539638655513,0.0,0.0,0.0,0.1710966741118045,0.5248684151585344,0.0,0.0,1.0,1.0,1.0,0,0,0.0,0.0,0.0,0.0,0.0,0.0,1.0,0.0,0.0,0.0,0.0,5,128,666,865,0,0,0,0,0,0.0,0,0.0,0.0,0.0,0.0,0.0,0.0,0.0,0.0,0.0,0.0,0.0,0.0,0.0,0.0,0.0,0,0,0.0,0.0,0,0.0,0.0,0.0,0.0,0.0,0.0,0,0.0,0.0,0.0,0.0
68,4,2,9,489,430,560,1.5,169954.76265628525,2.6995476265628526,1.234835413730058,0.3374625265354114,20.071753758063554,0.0,15.350011348724365,430,560,713.6899884615607,1.2744464079670728,0.7163320542248123,50,0,1.074650441242476,3.8550112165554378,0.08790635471276244,13.386407554328486,13358.94338601788,0.0,0.004361418426859262,5.719367053600516,0.0007625701211312978,17.21368244158942,0.10714285714285714,0.058462113965863725,-297.0,0.23392857142857143,2,0.004651162790697674,0,0.0,22,0.039285714285714285,21.682220378894797,1.0841110189446856,0.0,0.0,0.0,0.195606150499423,0.5107044703025895,0.0,0.0,1.0,1.0,1.0,0,0,0.0,0.0,0.0,0.0,0.0,0.0,1.0,0.0,0.0,0.0,0.0,5,128,430,560,0,0,0,0,0,0.0,0,0.0,0.0,0.0,0.0,0.0,0.0,0.0,0.0,0.0,0.0,0.0,0.0,0.0,0.0,0.0,0,0,0.0,0.0,0,0.0,0.0,0.0,0.0,0.0,0.0,0,0.0,0.0,0.0,0.0
69,2,4,14,496,440,569,1.5,66679.95188612162,1.6667995188612161,1.2601889475307415,0.16640523919577124,11.30704962271807,0.0,14.832427263259888,440,569,708.780687587395,1.2456602593803077,0.763380921531974,58,0,1.1178595786943382,3.923913557272701,0.09572797424870307,13.470063173068691,13623.769839409644,0.0,0.005000907953233875,5.499995930184289,0.000909256664316368,16.44586870987782,0.11247803163444639,0.03519156122387112,-308.0,0.22847100175746923,2,0.004545454545454545,0,0.0,8,0.014059753954305799,40.0,0.9999999999999749,0.0,0.0,0.0,0.14751171175564998,0.4907019327231489,0.0,0.0,1.0,1.0,1.0,0,0,0.0,0.0,0.0,0.0,0.0,0.0,1.0,0.0,0.0,0.0,0.0,5,128,440,569,0,0,0,0,0,0.0,0,0.0,0.0,0.0,0.0,0.0,0.0,0.0,0.0,0.0,0.0,0.0,0.0,0.0,0.0,0.0,0,0,0.0,0.0,0,0.0,0.0,0.0,0.0,0.0,0.0,0,0.0,0.0,0.0,0.0
70,5,5,19,503,1360,1802,1.5,200746.31211554786,3.0074631211554785,1.293114528633788,0.42375900145604145,25.03730286605401,0.0,16.044160842895508,1360,1802,2285.670708086558,1.2684077181390445,0.6866899982050579,244,0,1.073795354915474,4.0735781369971695,0.10050887317877318,20.90555026464129,69070.32180600622,0.0,0.002400970173942918,5.609600213246981,0.0004280109246061131,27.402594901095096,0.06659267480577137,0.05110681638905086,-915.0,0.2458379578246393,2,0.0014705882352941176,0,0.0,0,0.0,50.00074246199965,1.000014849239973,0.0,0.0,0.0,0.09483468561148099,0.4779574486303392,0.0,0.0,1.0,1.0,1.0,0,0,0.0,0.0,0.0,0.0,0.0,0.0,1.0,0.0,0.0,0.0,0.0,5,128,1360,1802,0,0,0,0,0,0.0,0,0.0,0.0,0.0,0.0,0.0,0.0,0.0,0.0,0.0,0.0,0.0,0.0,0.0,0.0,0.0,0,0,0.0,0.0,0,0.0,0.0,0.0,0.0,0.0,0.0,0,0.0,0.0,0.0,0.0
71,4,3,13,510,697,889,1.5,147049.53968186164,2.4704953968186163,1.261663069540758,0.3252888667942625,20.12704149869634,0.0,16.297846794128418,697,889,1080.655366928454,1.2155853396270573,0.7251833167517203,121,0,1.2030545335706528,3.9769134706700244,0.08130567007091462,15.065546262735635,24157.30793837198,0.0,0.005089383249609323,5.603976083637768,0.0009081736205955915,19.185994162172857,0.11023622047244094,0.04010324619605467,-502.0,0.2170978627671541,2,0.0028694404591104736,0,0.0,0,0.0,30.07510802373999,1.0025036007912995,0.0,0.0,0.0,0.1169278394925646,0.4575630408042762,0.0,0.0,1.0,1.0,1.0,0,0,0.0,0.0,0.0,0.0,0.0,0.0,1.0,0.0,0.0,0.0,0.0,5,128,697,889,0,0,0,0,0,0.0,0,0.0,0.0,0.0,0.0,0.0,0.0,0.0,0.0,0.0,0.0,0.0,0.0,0.0,0.0,0.0,0,0,0.0,0.0,0,0.0,0.0,0.0,0.0,0.0,0.0,0,0.0,0.0,0.0,0.0
72,5,2,21,517,535,700,1.5,154266.62863049775,2.5426662863049776,1.2502330327289528,0.38405813426092567,26.611808890355853,0.0,16.606952667236328,535,700,876.4956038713603,1.2521365769590862,0.6328730163070072,65,0,1.0670470533578793,4.050826809152008,0.049267299961864984,15.903926414986001,19767.902921408742,0.0,0.003551154172954933,5.7625830390242365,0.0006162434708369295,19.206195526619762,0.1,0.03412537112330298,-367.0,0.23714285714285716,2,0.003738317757009346,0,0.0,0,0.0,21.26587996759674,1.0632939983797838,0.0,0.0,0.0,0.14341188624064713,0.513866580012533,0.0,0.0,1.0,1.0,1.0,0,0,0.0,0.0,0.0,0.0,0.0,0.0,1.0,0.0,0.0,0.0,0.0,5,128,535,700,0,0,0,0,0,0.0,0,0.0,0.0,0.0,0.0,0.0,0.0,0.0,0.0,0.0,0.0,0.0,0.0,0.0,0.0,0.0,0,0,0.0,0.0,0,0.0,0.0,0.0,0.0,0.0,0.0,0,0.0,0.0,0.0,0.0
73,3,5,16,524,788,1051,1.5,121205.2582964517,2.212052582964517,1.2669439594444984,0.25809943194918666,16.893185976389884,0.0,15.694318056106567,788,1051,1341.6484279340807,1.276544650746033,0.6160926195893943,114,0,1.0233967116278848,4.035325999163168,0.031136393658753935,17.241887720096226,32783.87941376809,0.01903553299492386,0.003253914689364384,5.689356789783049,0.0005719301512619483,21.263936815897935,0.07231208372978117,0.032812852020081204,-522.0,0.25118934348239774,2,0.0025380710659898475,15,0.014272121788772598,0,0.0,50.002485655995386,1.0000497131198878,0.0,0.0,0.0,0.14417265220864914,0.5582485780933802,0.0,0.0,1.0,1.0,1.0,0,0,0.0,0.0,0.0,0.0,0.0,0.0,1.0,0.0,0.0,0.0,0.0,5,128,788,1051,0,0,0,0,0,0.0,0,0.0,0.0,0.0,0.0,0.0,0.0,0.0,0.0,0.0,0.0,0.0,0.0,0.0,0.0,0.0,0,0,0.0,0.0,0,0.0,0.0,0.0,0.0,0.0,0.0,0,0.0,0.0,0.0,0.0
74,3,4,6,531,664,864,1.5,166106.80309804803,2.66106803098048,1.2124184632762753,0.2596250467883433,15.0,0.0,15.96122145652771,664,864,1022.3566891331102,1.1832832050151738,0.7436342467134411,104,0,1.125178792537058,3.965400474331699,0.157796503616912,15.052450843918006,23447.506890988647,0.0,0.004381996822240068,5.650306566271923,0.0007755325787801523,18.815665376437877,0.09259259259259259,0.021023281361697125,-461.0,0.2326388888888889,2,0.0030120481927710845,0,0.0,0,0.0,40.17755478721063,1.0044388696802407,0.0,0.0,0.0,0.11972492726410768,0.5287399020745672,0.0,0.0,1.0,1.0,1.0,0,0,0.0,0.0,0.0,0.0,0.0,0.0,1.0,0.0,0.0,0.0,0.0,5,128,664,864,0,0,0,0,0,0.0,0,0.0,0.0,0.0,0.0,0.0,0.0,0.0,0.0,0.0,0.0,0.0,0.0,0.0,0.0,0.0,0,0,0.0,0.0,0,0.0,0.0,0.0,0.0,0.0,0.0,0,0.0,0.0,0.0,0.0
75,4,2,9,538,430,560,1.5,163507.7638875985,2.635077638875985,1.2705893736647516,0.3546153239786843,20.0,0.0,15.020596981048584,430,560,704.7766146210004,1.258529668966072,0.6041175904575918,50,0,1.074650441242476,4.0252710710104616,0.02578323070689517,13.316207253467757,13305.0433703673,0.0,0.004726325316782896,5.632755331163509,0.0008390787525659811,16.799837371930394,0.10714285714285714,0.028788267671492344,-297.0,0.23392857142857143,2,0.004651162790697674,0,0.0,8,0.014285714285714285,21.063608752152582,1.0531804376075766,0.0,0.0,0.0,0.1733088363359451,0.49862705018483555,0.0,0.0,1.0,1.0,1.0,0,0,0.0,0.0,0.0,0.0,0.0,0.0,1.0,0.0,0.0,0.0,0.0,5,128,430,560,0,0,0,0,0,0.0,0,0.0,0.0,0.0,0.0,0.0,0.0,0.0,0.0,0.0,0.0,0.0,0.0,0.0,0.0,0.0,0,0,0.0,0.0,0,0.0,0.0,0.0,0.0,0.0,0.0,0,0.0,0.0,0.0,0.0
76,2,5,21,545,577,731,1.5,69926.42009601253,1.6992642009601253,1.2477909529910405,0.15547988462323278,10.0,0.0,15.558994770050049,577,731,900.5631439109457,1.2319605251859722,0.6966329771036249,85,0,1.1958098215764363,3.9670608000268683,0.06043476199497913,16.126642314096944,20880.565801208235,0.0,0.0028652400998284144,5.647750516862353,0.0005073241268843637,19.781605045253226,0.12859097127222982,0.03123511430817697,-420.0,0.21203830369357046,2,0.0034662045060658577,0,0.0,0,0.0,49.99999999999999,0.9999999999999798,0.0,0.0,0.0,0.15717350971474126,0.5282656025077674,0.0,0.0,1.0,1.0,1.0,0,0,0.0,0.0,0.0,0.0,0.0,0.0,1.0,0.0,0.0,0.0,0.0,5,128,577,731,0,0,0,0,0,0.0,0,0.0,0.0,0.0,0.0,0.0,0.0,0.0,0.0,0.0,0.0,0.0,0.0,0.0,0.0,0.0,0,0,0.0,0.0,0,0.0,0.0,0.0,0.0,0.0,0.0,0,0.0,0.0,0.0,0.0
77,4,2,6,552,408,544,1.5,167046.88056003265,2.6704688056003265,1.2716598330236135,0.3506685161379406,21.497533043842285,0.0,15.4021897315979,408,544,690.8263378265219,1.2699013562987536,0.5742667924223025,40,0,0.9666108463978046,3.9962935894187925,0.09202142808387456,13.178354964629605,12867.128089847978,0.0,0.0051817935298478805,5.763834520077856,0.000899018441941145,16.05653514477044,0.08823529411764706,0.03696527394809584,-269.0,0.25183823529411764,2,0.004901960784313725,0,0.0,13,0.02389705882352941,20.519979521621202,1.0259989760810089,0.0,0.0,0.0,0.16631659066556703,0.5096184293550868,0.0,0.0,1.0,1.0,1.0,0,0,0.0,0.0,0.0,0.0,0.0,0.0,1.0,0.0,0.0,0.0,0.0,5,128,408,544,0,0,0,0,0,0.0,0,0.0,0.0,0.0,0.0,0.0,0.0,0.0,0.0,0.0,0.0,0.0,0.0,0.0,0.0,0.0,0,0,0.0,0.0,0,0.0,0.0,0.0,0.0,0.0,0.0,0,0.0,0.0,0.0,0.0
78,3,5,9,559,770,1035,1.5,116417.33347658013,2.164173334765801,1.2681985355768568,0.24544612220963055,15.486556245900266,0.0,15.916888952255249,770,1035,1329.6845873393383,1.2847194080573316,0.6552589835287722,100,0,0.9773813310872655,4.010407903287351,0.08862924500374715,17.237673839726646,32324.414464736303,0.01948051948051948,0.0033485323517924775,5.637118780500539,0.0005940148650716486,20.204451725127928,0.06763285024154589,0.02163418946139846,-502.0,0.2570048309178744,2,0.0025974025974025974,15,0.014492753623188406,0,0.0,50.012175659110994,1.0002435131821998,0.0,0.0,0.0,0.15778474580506152,0.5792463523639146,0.0,0.0,1.0,1.0,1.0,0,0,0.0,0.0,0.0,0.0,0.0,0.0,1.0,0.0,0.0,0.0,0.0,5,128,770,1035,0,0,0,0,0,0.0,0,0.0,0.0,0.0,0.0,0.0,0.0,0.0,0.0,0.0,0.0,0.0,0.0,0.0,0.0,0.0,0,0,0.0,0.0,0,0.0,0.0,0.0,0.0,0.0,0.0,0,0.0,0.0,0.0,0.0
79,5,2,5,566,562,720,1.5,235572.49609474494,3.3557249609474495,1.2721760810810054,0.4465715024347573,25.713913453639424,0.0,15.232784032821655,562,720,917.0991766551448,1.2737488564654789,0.7012494459486085,78,0,1.154428967027757,3.920946716409293,0.10711929490963348,16.02285907681018,20423.535341908086,0.0,0.0025013691393882026,5.64930055603666,0.00044277501516800657,21.01786337310725,0.11666666666666667,0.0372499706593012,-401.0,0.22083333333333333,2,0.0035587188612099642,0,0.0,0,0.0,22.18869360563222,1.1094346802815556,0.0,0.0,0.0,0.21757991550185635,0.5515853615973225,0.0,0.0,1.0,1.0,1.0,0,0,0.0,0.0,0.0,0.0,0.0,0.0,1.0,0.0,0.0,0.0,0.0,5,128,562,720,0,0,0,0,0,0.0,0,0.0,0.0,0.0,0.0,0.0,0.0,0.0,0.0,0.0,0.0,0.0,0.0,0.0,0.0,0.0,0,0,0.0,0.0,0,0.0,0.0,0.0,0.0,0.0,0.0,0,0.0,0.0,0.0,0.0
80,4,3,6,573,683,877,1.5,254477.84059601557,3.5447784059601557,1.2361953922742623,0.3383925665374789,23.676922149029366,0.0,15.772347211837769,683,877,1094.7387734605563,1.2482768226460164,0.8070844071529987,111,0,1.1732009966734056,3.9416287163008623,0.035770361974422876,15.029423372937062,23839.988717665376,0.0,0.004947622356157446,5.691302138186898,0.0008693304688499215,18.28454764429827,0.10718358038768529,0.027224372383897494,-486.0,0.22234891676168758,2,0.0029282576866764276,0,0.0,0,0.0,30.109469998492994,1.0036489999497331,0.0,0.0,0.0,0.14824047523677278,0.5462517083622117,0.0,0.0,1.0,1.0,1.0,0,0,0.0,0.0,0.0,0.0,0.0,0.0,1.0,0.0,0.0,0.0,0.0,5,128,683,877,0,0,0,0,0,0.0,0,0.0,0.0,0.0,0.0,0.0,0.0,0.0,0.0,0.0,0.0,0.0,0.0,0.0,0.0,0.0,0,0,0.0,0.0,0,0.0,0.0,0.0,0.0,0.0,0.0,0,0.0,0.0,0.0,0.0
81,2,5,10,580,565,721,1.5,80354.51763957083,1.8035451763957082,1.2489088970621067,0.15103019644755794,10.53459211695649,0.0,14.535664558410645,565,721,901.4674589091467,1.2503016073635875,0.7055201833692337,77,0,1.1624344520220555,3.9569632073776626,0.0515311035229953,16.01658632654548,20504.44987916905,0.0,0.0027873907013929314,5.717534773043106,0.0004875161782197401,20.66014560974079,0.12482662968099861,0.04853427908239745,-406.0,0.217753120665742,2,0.0035398230088495575,0,0.0,0,0.0,50.125064066428,1.0025012813285399,0.0,0.0,0.0,0.1572437435685099,0.48031756718907365,0.0,0.0,1.0,1.0,1.0,0,0,0.0,0.0,0.0,0.0,0.0,0.0,1.0,0.0,0.0,0.0,0.0,5,128,565,721,0,0,0,0,0,0.0,0,0.0,0.0,0.0,0.0,0.0,0.0,0.0,0.0,0.0,0.0,0.0,0.0,0.0,0.0,0.0,0,0,0.0,0.0,0,0.0,0.0,0.0,0.0,0.0,0.0,0,0.0,0.0,0.0,0.0
82,5,4,8,587,1168,1501,1.5,182951.26419099886,2.8295126419099885,1.2729986843503236,0.40999853936707387,25.228687357072666,0.0,15.67936658859253,1168,1501,1830.666508306459,1.2196312513700593,0.7474931826829855,234,0,1.197010990623478,3.9594747733033135,0.03808517805362748,19.119041636148363,52133.428414514114,0.0,0.0027270405362196993,5.741128473491269,0.000475000785788176,24.248337559131834,0.09060626249167222,0.046301558584212484,-832.0,0.22251832111925382,2,0.0017123287671232876,0,0.0,0,0.0,40.25375357533444,1.006343839383336,0.0,0.0,0.0,0.13674109926178996,0.5553018888311115,0.0,0.0,1.0,1.0,1.0,0,0,0.0,0.0,0.0,0.0,0.0,0.0,1.0,0.0,0.0,0.0,0.0,5,128,1168,1501,0,0,0,0,0,0.0,0,0.0,0.0,0.0,0.0,0.0,0.0,0.0,0.0,0.0,0.0,0.0,0.0,0.0,0.0,0.0,0,0,0.0,0.0,0,0.0,0.0,0.0,0.0,0.0,0.0,0,0.0,0.0,0.0,0.0
83,4,4,21,594,840,1121,1.5,157716.15266417828,2.577161526641783,1.2883208673480022,0.3383055484546563,20.0,0.0,15.579377889633179,840,1121,1452.6016843407683,1.2958088174315507,0.6910034639493773,122,0,1.0215725307829806,3.8808706141600764,0.013103827015715547,16.781649711196053,34405.711035710294,0.0,0.004649449752971768,5.704651829906587,0.0008150277863753671,21.57724331687383,0.07136485280999108,0.041182206925178405,-556.0,0.25156110615521854,2,0.002380952380952381,0,0.0,0,0.0,40.04485099392764,1.001121274848166,0.0,0.0,0.0,0.09966691319111391,0.45148610798947714,0.0,0.0,1.0,1.0,1.0,0,0,0.0,0.0,0.0,0.0,0.0,0.0,1.0,0.0,0.0,0.0,0.0,5,128,840,1121,0,0,0,0,0,0.0,0,0.0,0.0,0.0,0.0,0.0,0.0,0.0,0.0,0.0,0.0,0.0,0.0,0.0,0.0,0.0,0,0,0.0,0.0,0,0.0,0.0,0.0,0.0,0.0,0.0,0,0.0,0.0,0.0,0.0
84,4,3,9,601,666,865,1.5,186554.70814239173,2.8655470814239172,1.261040193702708,0.33054012305818575,20.022959623466846,0.0,15.092492818832397,666,865,1062.7904248635805,1.2286594507093416,0.6394105359912904,104,0,1.1309211884564792,4.0669923628217335,0.03397640297623899,14.993043708764521,23471.655763577233,0.0,0.004616647061854891,5.677750052439392,0.0008131120636193872,18.840813746076904,0.09710982658959537,0.04091032157425131,-464.0,0.23121387283236994,2,0.003003003003003003,0,0.0,0,0.0,30.114768185615286,1.003825606187143,0.0,0.0,0.0,0.17428263172150113,0.5267756043096427,0.0,0.0,1.0,1.0,1.0,0,0,0.0,0.0,0.0,0.0,0.0,0.0,1.0,0.0,0.0,0.0,0.0,5,128,666,865,0,0,0,0,0,0.0,0,0.0,0.0,0.0,0.0,0.0,0.0,0.0,0.0,0.0,0.0,0.0,0.0,0.0,0.0,0.0,0,0,0.0,0.0,0,0.0,0.0,0.0,0.0,0.0,0.0,0,0.0,0.0,0.0,0.0
85,5,3,10,608,884,1126,1.5,274886.9942899104,3.748869942899104,1.2163504626369939,0.38095046025045975,29.93565258492871,0.0,16.743525505065918,884,1126,1320.20387745276,1.17247236008238,0.8351455704435627,168,0,1.2192076083064103,3.911604736337647,0.025043388031003633,17.479188517006122,35376.487790885614,0.016968325791855202,0.0031178054720893745,5.776790696637629,0.0005397123828466814,19.56090149275147,0.10479573712255773,0.05748044316895411,-639.0,0.21580817051509768,2,0.0022624434389140274,15,0.013321492007104795,0,0.0,30.40175338657441,1.0133917795524465,0.0,0.0,0.0,0.16646936293768533,0.6054126507256152,0.0,0.0,1.0,1.0,1.0,0,0,0.0,0.0,0.0,0.0,0.0,0.0,1.0,0.0,0.0,0.0,0.0,5,128,884,1126,0,0,0,0,0,0.0,0,0.0,0.0,0.0,0.0,0.0,0.0,0.0,0.0,0.0,0.0,0.0,0.0,0.0,0.0,0.0,0,0,0.0,0.0,0,0.0,0.0,0.0,0.0,0.0,0.0,0,0.0,0.0,0.0,0.0
86,3,4,20,615,666,865,1.5,112618.91766848597,2.1261891766848597,1.2492507971724107,0.2571269049650142,15.690144476959041,0.0,16.829813718795776,666,865,1075.9545719247144,1.2438781178320397,0.7913784689490977,104,0,1.1309211884564792,4.0102728837326245,0.03614553529245561,14.994530896521361,23454.472613467722,0.0,0.0043765716073627375,5.806083331961227,0.0007537906979856641,18.85903497482445,0.09710982658959537,0.06384213242987409,-464.0,0.23121387283236994,2,0.003003003003003003,0,0.0,0,0.0,40.04693702504921,1.0011734256262053,0.0,0.0,0.0,0.1705812908781565,0.518439935689194,0.0,0.0,1.0,1.0,1.0,0,0,0.0,0.0,0.0,0.0,0.0,0.0,1.0,0.0,0.0,0.0,0.0,5,128,666,865,0,0,0,0,0,0.0,0,0.0,0.0,0.0,0.0,0.0,0.0,0.0,0.0,0.0,0.0,0.0,0.0,0.0,0.0,0.0,0,0,0.0,0.0,0,0.0,0.0,0.0,0.0,0.0,0.0,0,0.0,0.0,0.0,0.0
87,5,2,13,622,541,700,1.5,181446.46148306737,2.8144646148306736,1.26436835079897,0.41648166829366245,25.76662329513394,0.0,16.094933032989502,541,700,906.9957057714021,1.295708151102003,0.7227520368772579,59,0,1.0832968352114338,3.9695539963686293,0.0609319202282423,15.936635254479512,19891.01313258731,0.0,0.002893992240828361,5.7431816060148515,0.0005039005275049931,18.68492503594167,0.11714285714285715,0.022885881766446098,-379.0,0.22857142857142856,2,0.0036968576709796672,0,0.0,0,0.0,20.7489968050483,1.0374498402523633,0.0,0.0,0.0,0.20566772109184223,0.5848014203048923,0.0,0.0,1.0,1.0,1.0,0,0,0.0,0.0,0.0,0.0,0.0,0.0,1.0,0.0,0.0,0.0,0.0,5,128,541,700,0,0,0,0,0,0.0,0,0.0,0.0,0.0,0.0,0.0,0.0,0.0,0.0,0.0,0.0,0.0,0.0,0.0,0.0,0.0,0,0,0.0,0.0,0,0.0,0.0,0.0,0.0,0.0,0.0,0,0.0,0.0,0.0,0.0
88,5,4,10,629,1045,1400,1.5,227821.73983388464,3.2782173983388465,1.2823374143477346,0.4276335063906011,25.0,0.0,16.935400009155273,1045,1400,1829.8257195459519,1.3070183711042513,0.7582991161713912,155,0,1.008090085047712,4.060266342242758,0.06630538881320479,18.9395430590883,48486.94048287631,0.0,0.0027623419491270913,5.748239336320843,0.00048055444241377847,25.0331280133458,0.06428571428571428,0.033924249628496,-687.0,0.2542857142857143,2,0.0019138755980861245,0,0.0,0,0.0,40.25033022522878,1.0062582556306943,0.0,0.0,0.0,0.1257780871830811,0.4651156672410273,0.0,0.0,1.0,1.0,1.0,0,0,0.0,0.0,0.0,0.0,0.0,0.0,1.0,0.0,0.0,0.0,0.0,5,128,1045,1400,0,0,0,0,0,0.0,0,0.0,0.0,0.0,0.0,0.0,0.0,0.0,0.0,0.0,0.0,0.0,0.0,0.0,0.0,0.0,0,0,0.0,0.0,0,0.0,0.0,0.0,0.0,0.0,0.0,0,0.0,0.0,0.0,0.0
89,5,2,7,636,562,721,1.5,219484.16381857565,3.1948416381857565,1.2301320387641659,0.39627290435211404,27.783554206539197,0.0,17.604625940322876,562,721,875.466294932641,1.2142389666194742,0.7674340510163584,80,0,1.1546825695455494,4.0078205466930905,0.10205612007792075,16.066167655733594,20522.01758950764,0.0,0.002296912156183104,5.634191256944555,0.000407673799385419,20.995458034394606,0.11650485436893204,0.03468888682061478,-400.0,0.22191400832177532,2,0.0035587188612099642,0,0.0,0,0.0,22.101268076495206,1.1050634038247051,0.0,0.0,0.0,0.25991518821852416,0.5840436769783746,0.0,0.0,1.0,1.0,1.0,0,0,0.0,0.0,0.0,0.0,0.0,0.0,1.0,0.0,0.0,0.0,0.0,5,128,562,721,0,0,0,0,0,0.0,0,0.0,0.0,0.0,0.0,0.0,0.0,0.0,0.0,0.0,0.0,0.0,0.0,0.0,0.0,0.0,0,0,0.0,0.0,0,0.0,0.0,0.0,0.0,0.0,0.0,0,0.0,0.0,0.0,0.0
90,5,5,8,643,1330,1775,1.5,201405.25050972297,3.0140525050972298,1.2857353114418502,0.4210083417301013,25.02667100790504,0.0,16.86849331855774,1330,1775,2300.4443936628077,1.296025010514258,0.7176392817210125,220,0,1.0361330942041727,4.070777967162725,0.027325731901189015,20.913648012516013,68102.38692003171,0.0,0.003118253277635123,5.642204731850419,0.0005526657443023885,26.293409596225327,0.061971830985915494,0.03512590622149947,-882.0,0.2512676056338028,2,0.0015037593984962407,0,0.0,0,0.0,50.103898644333434,1.0020779728866487,0.0,0.0,0.0,0.08760433002323902,0.5381491929038381,0.0,0.0,1.0,1.0,1.0,0,0,0.0,0.0,0.0,0.0,0.0,0.0,1.0,0.0,0.0,0.0,0.0,5,128,1330,1775,0,0,0,0,0,0.0,0,0.0,0.0,0.0,0.0,0.0,0.0,0.0,0.0,0.0,0.0,0.0,0.0,0.0,0.0,0.0,0,0,0.0,0.0,0,0.0,0.0,0.0,0.0,0.0,0.0,0,0.0,0.0,0.0,0.0
91,4,3,7,650,651,852,1.5,174374.3068454432,2.743743068454432,1.2676666059870378,0.35215388823911387,20.0,0.0,16.9780216217041,651,852,1071.2566871198364,1.2573435294833761,0.706129947353236,93,0,1.0919659168885367,4.058176936343648,0.05703596061126889,14.941233733923584,23060.926464550306,0.0,0.004667917052616928,5.631682924666615,0.0008288671636982175,19.122665721375398,0.09154929577464789,0.034977994775532345,-447.0,0.23708920187793428,2,0.0030721966205837174,0,0.0,0,0.0,30.01229551218061,1.000409850405987,0.0,0.0,0.0,0.11613031843634898,0.47617430645942493,0.0,0.0,1.0,1.0,1.0,0,0,0.0,0.0,0.0,0.0,0.0,0.0,1.0,0.0,0.0,0.0,0.0,5,128,651,852,0,0,0,0,0,0.0,0,0.0,0.0,0.0,0.0,0.0,0.0,0.0,0.0,0.0,0.0,0.0,0.0,0.0,0.0,0.0,0,0,0.0,0.0,0,0.0,0.0,0.0,0.0,0.0,0.0,0,0.0,0.0,0.0,0.0
92,4,4,24,657,900,1169,1.5,138357.07083729428,2.3835707083729427,1.2715739661252334,0.31937039908031406,20.0,0.0,17.61479926109314,900,1169,1412.4274621270183,1.2082356391163545,0.761718836633742,158,0,1.1464270536381629,4.05282398901246,0.03098898008743693,16.914176931645464,35963.88740600721,0.0,0.0036635287429245007,5.639293565935344,0.0006496432044349887,20.76540847855642,0.08896492728828058,0.04956722348224362,-628.0,0.2309666381522669,2,0.0022222222222222222,0,0.0,0,0.0,40.01654365161643,1.0004135912903858,0.0,0.0,0.0,0.14012637792820118,0.5467167468446789,0.0,0.0,1.0,1.0,1.0,0,0,0.0,0.0,0.0,0.0,0.0,0.0,1.0,0.0,0.0,0.0,0.0,5,128,900,1169,0,0,0,0,0,0.0,0,0.0,0.0,0.0,0.0,0.0,0.0,0.0,0.0,0.0,0.0,0.0,0.0,0.0,0.0,0.0,0,0,0.0,0.0,0,0.0,0.0,0.0,0.0,0.0,0.0,0,0.0,0.0,0.0,0.0
93,5,4,24,664,1046,1401,1.5,203984.85399736481,3.039848539973648,1.282945880975976,0.4090064084995561,26.140403611360473,0.0,17.713767051696777,1046,1401,1815.02366151243,1.2955201010081585,0.6167905560822255,156,0,1.0097546346867492,3.9719938958816274,0.04065403868744764,18.928024798936583,48531.82498775952,0.0,0.003131700951543298,5.814656053285322,0.000538587480126761,23.912646033648347,0.06566738044254104,0.030731529282790267,-688.0,0.2541042112776588,2,0.0019120458891013384,0,0.0,0,0.0,40.126917434927236,1.0031729358731558,0.0,0.0,0.0,0.10134599998708743,0.4870638568769482,0.0,0.0,1.0,1.0,1.0,0,0,0.0,0.0,0.0,0.0,0.0,0.0,1.0,0.0,0.0,0.0,0.0,5,128,1046,1401,0,0,0,0,0,0.0,0,0.0,0.0,0.0,0.0,0.0,0.0,0.0,0.0,0.0,0.0,0.0,0.0,0.0,0.0,0.0,0,0,0.0,0.0,0,0.0,0.0,0.0,0.0,0.0,0.0,0,0.0,0.0,0.0,0.0
94,2,2,12,671,238,293,1.5,77945.28438698522,1.7794528438698523,1.2269620315345637,0.18021332332676673,13.155671681182259,0.0,14.819096326828003,238,293,357.03619070342177,1.2185535518888115,0.727547960439868,28,0,1.2212579209200143,3.9265953453170854,0.01089776090019943,8.917319515759598,4580.893054050814,0.0,0.015505373515901456,5.787565829835476,0.0026790837412106897,11.86221323972627,0.18088737201365188,0.05456913254421837,-180.0,0.19112627986348124,2,0.008403361344537815,0,0.0,8,0.027303754266211604,20.0,0.99999999999995,0.0,0.0,0.0,0.15204935405550773,0.3992892521988344,0.0,0.0,1.0,1.0,1.0,0,0,0.0,0.0,0.0,0.0,0.0,0.0,1.0,0.0,0.0,0.0,0.0,5,128,238,293,0,0,0,0,0,0.0,0,0.0,0.0,0.0,0.0,0.0,0.0,0.0,0.0,0.0,0.0,0.0,0.0,0.0,0.0,0.0,0,0,0.0,0.0,0,0.0,0.0,0.0,0.0,0.0,0.0,0,0.0,0.0,0.0,0.0
95,5,4,22,678,1044,1400,1.5,176507.39067186497,2.7650739067186496,1.2835450687592767,0.4085365798383574,25.0,0.0,15.845627307891846,1044,1400,1790.4572228632042,1.27889801633086,0.7150079924161566,156,0,1.0048813984833205,4.003675424184904,0.053690045345796286,18.970607689590132,48542.64624703044,0.0,0.0035074218871363264,5.62618868646484,0.0006234099285673899,24.08773138199197,0.06285714285714286,0.07148173862911118,-685.0,0.255,2,0.0019157088122605363,0,0.0,0,0.0,40.01044056945661,1.0002610142363904,0.0,0.0,0.0,0.0949451827907015,0.47996396603576075,0.0,0.0,1.0,1.0,1.0,0,0,0.0,0.0,0.0,0.0,0.0,0.0,1.0,0.0,0.0,0.0,0.0,5,128,1044,1400,0,0,0,0,0,0.0,0,0.0,0.0,0.0,0.0,0.0,0.0,0.0,0.0,0.0,0.0,0.0,0.0,0.0,0.0,0.0,0,0,0.0,0.0,0,0.0,0.0,0.0,0.0,0.0,0.0,0,0.0,0.0,0.0,0.0
96,5,2,15,685,559,721,1.5,213781.0114781362,3.137810114781362,1.2443207565771779,0.4262254094603583,25.0,0.0,16.099011659622192,559,721,898.6307034478627,1.2463671337695739,0.7491910671086236,83,0,1.1454643302074172,4.0137762879109395,0.051208062956768184,16.083548173648943,20517.625838668886,0.0,0.0023276956696946186,5.782415882556775,0.00040254725999835787,21.285962516270093,0.10818307905686546,0.03205440409927082,-394.0,0.2260748959778086,2,0.0035778175313059034,0,0.0,0,0.0,21.507470273382395,1.075373513669066,0.0,0.0,0.0,0.20173183849386805,0.5837657097869552,0.0,0.0,1.0,1.0,1.0,0,0,0.0,0.0,0.0,0.0,0.0,0.0,1.0,0.0,0.0,0.0,0.0,5,128,559,721,0,0,0,0,0,0.0,0,0.0,0.0,0.0,0.0,0.0,0.0,0.0,0.0,0.0,0.0,0.0,0.0,0.0,0.0,0.0,0,0,0.0,0.0,0,0.0,0.0,0.0,0.0,0.0,0.0,0,0.0,0.0,0.0,0.0
97,5,2,22,692,505,680,1.5,164843.14468522303,2.6484314468522303,1.257189933186573,0.3838401517919485,25.0,0.0,16.09880518913269,505,680,903.5356971891628,1.328728966454651,0.7488436743228079,55,0,0.9450701328025582,3.903168572558859,0.10654299064341427,15.899316279556851,19226.875258109714,0.0,0.003964150610253259,5.675181265878525,0.0006985064308142245,18.3985384252711,0.07352941176470588,0.05087274847620275,-327.0,0.25882352941176473,2,0.0039603960396039604,0,0.0,0,0.0,20.925749362870395,1.0462874681434675,0.0,0.0,0.0,0.16615958916265297,0.5203479635077155,0.0,0.0,1.0,1.0,1.0,0,0,0.0,0.0,0.0,0.0,0.0,0.0,1.0,0.0,0.0,0.0,0.0,5,128,505,680,0,0,0,0,0,0.0,0,0.0,0.0,0.0,0.0,0.0,0.0,0.0,0.0,0.0,0.0,0.0,0.0,0.0,0.0,0.0,0,0,0.0,0.0,0,0.0,0.0,0.0,0.0,0.0,0.0,0,0.0,0.0,0.0,0.0
98,4,4,14,699,860,1136,1.5,168348.81576882806,2.6834881576882808,1.293978269371686,0.39553961980748553,23.17548113214735,0.0,16.70760679244995,860,1136,1485.669789335985,1.307807913147874,0.7252759261016773,132,0,1.0687463531670067,3.9959110920163634,0.13859769105746653,16.78740065653045,34808.132214327634,0.0,0.0033645587890941036,5.666459110859053,0.0005937674168769272,22.499509976446383,0.07746478873239436,0.04375382607450499,-581.0,0.2438380281690141,2,0.002325581395348837,0,0.0,0,0.0,40.01671023478114,1.0004177558695033,0.0,0.0,0.0,0.14433090084753264,0.46824655053122743,0.0,0.0,1.0,1.0,1.0,0,0,0.0,0.0,0.0,0.0,0.0,0.0,1.0,0.0,0.0,0.0,0.0,5,128,860,1136,0,0,0,0,0,0.0,0,0.0,0.0,0.0,0.0,0.0,0.0,0.0,0.0,0.0,0.0,0.0,0.0,0.0,0.0,0.0,0,0,0.0,0.0,0,0.0,0.0,0.0,0.0,0.0,0.0,0,0.0,0.0,0.0,0.0
99,4,4,20,706,880,1152,1.5,176272.93158446605,2.7627293158446604,1.2516060557452253,0.3167336228129202,20.0,0.0,17.502806186676025,880,1152,1463.2299957198259,1.2701649268401267,0.7524871971473656,144,0,1.1101556442009826,3.9239627051830364,0.112382428650051,16.914514285480468,35466.94273015606,0.0,0.003913445910370729,5.725887725761272,0.0006834653590504594,21.32600837728824,0.08333333333333333,0.05232270030113825,-605.0,0.23697916666666666,2,0.0022727272727272726,0,0.0,0,0.0,40.036724648333845,1.000918116208321,0.0,0.0,0.0,0.11483969233742115,0.49448454339410564,0.0,0.0,1.0,1.0,1.0,0,0,0.0,0.0,0.0,0.0,0.0,0.0,1.0,0.0,0.0,0.0,0.0,5,128,880,1152,0,0,0,0,0,0.0,0,0.0,0.0,0.0,0.0,0.0,0.0,0.0,0.0,0.0,0.0,0.0,0.0,0.0,0.0,0.0,0,0,0.0,0.0,0,0.0,0.0,0.0,0.0,0.0,0.0,0,0.0,0.0,0.0,0.0
