id,name,is_base,success,max_force,max_stretch,mean_stretch,energy,n_nodes,n_edges,feat_n_node,feat_n_edge,feat_total_length,feat_mean_edge_len,feat_len_cv,feat_deg2_count,feat_deg4_count,feat_degree_entropy,feat_orient_entropy,feat_anisotropy,feat_radius_gyration,feat_moment_total,feat_clustering_coef,feat_fiedler_value,feat_lambda_max,feat_spectral_gap_ratio,feat_aspl_giant,feat_boundary_frac,feat_fractal_dim_box,feat_rigidity_index,feat_redundancy_ratio,feat_max_k_core,feat_kcore_frac,feat_triangle_count,feat_triangle_ratio,feat_quad_count,feat_quad_ratio,feat_avg_shortest_dy,feat_straightness,feat_mesh_median_area,feat_mesh_cv_area,feat_mesh_max_area_ratio,feat_edge_betweenness_max,feat_edge_betweenness_gini,feat_largest_pore_ratio,feat_top_area_sum_ratio,feat_top_convexity_min,feat_top_convexity_mean,feat_top_circularity_min,feat_big_pore_count,feat_total_pore_count,feat_total_pore_ratio,feat_center_pore_ratio,feat_edge_pore_ratio,feat_pore_area_cv,feat_pore_area_skew,feat_pore_area_kurtosis,feat_pore_area_max_over_mean,feat_pore_large_area_frac,feat_pore_count_large_frac,feat_pore_density,feat_pore_spatial_cv,feat_contact_thick,feat_contact_canvas_size,feat_contact_nodes,feat_contact_edges,feat_contact_edge_pixel_union_count,feat_contact_edge_pixel_sum,feat_contact_raw_overlap_pixel_count,feat_contact_overlap_pixel_count,feat_contact_overlap_pair_count,feat_contact_overlap_pairs_per_edge,feat_contact_edges_with_contact_count,feat_contact_edges_with_contact_ratio,feat_contact_overlap_pixel_ratio_union,feat_contact_raw_overlap_pixel_ratio_union,feat_contact_overlap_pixel_ratio_canvas,feat_contact_overlap_length_px_approx,feat_contact_overlap_length_ratio_centerline,feat_contact_centerline_length_px,feat_contact_overlap_pair_size_sum,feat_contact_overlap_pair_size_mean,feat_contact_overlap_pair_size_median,feat_contact_overlap_pair_size_max,feat_contact_overlap_pair_size_std,feat_contact_overlap_pair_size_q75,feat_contact_overlap_pair_size_q90,feat_contact_overlap_pair_size_q95,feat_contact_overlap_cc_count,feat_contact_overlap_cc_size_sum,feat_contact_overlap_cc_size_mean,feat_contact_overlap_cc_size_median,feat_contact_overlap_cc_size_max,feat_contact_overlap_cc_size_std,feat_contact_overlap_cc_size_q75,feat_contact_overlap_cc_size_q90,feat_contact_overlap_cc_size_q95,feat_contact_edge_contact_degree_mean,feat_contact_edge_contact_degree_median,feat_contact_edge_contact_degree_max,feat_contact_edge_contact_degree_std,feat_contact_edge_contact_degree_q75,feat_contact_edge_contact_degree_q90,feat_contact_edge_contact_degree_q95
0,voronoi_2x2_n5_seed0,True,True,13.13171035688267,7.565855178441335,1.1511834242317336,163.05160315310673,232,289,232.0,289.0,355.28232757091723,1.2293506144322395,0.6617634531313084,26.0,0.0,1.186412987229861,3.9390074951233154,0.06487308885486266,8.768648998555204,4482.165690406584,0.0,0.016293096710932934,5.527155078043233,0.0029478269527219774,11.430362740707569,0.16608996539792387,0.03492863559926127,-172.0,0.20069204152249134,2.0,0.008620689655172414,0.0,0.0,0.0,0.0,20.00617924770616,1.0003089623852581,262.0,0.8884078755799597,0.0165863037109375,0.15507050988747145,0.3971052759713769,0.0165863037109375,0.0497589111328125,0.9712399811409712,0.9712399811409712,0.6995415976369269,24.0,86.0,0.3990478515625,0.272003173828125,0.127044677734375,0.8884078755799597,1.4647526548798429,1.8964538788156213,3.574564086876721,0.2925971245029061,0.09302325581395349,0.001312255859375,0.25264319906931226,5.0,256.0,232.0,289.0,33120.0,52366.0,9885.0,1797.0,305.0,1.055363321799308,192.0,0.6643598615916955,0.05425724637681159,0.29846014492753625,0.0274200439453125,359.4,0.08202150599609216,4381.777628139665,5860.0,19.21311475409836,16.0,55.0,14.07114796498158,32.0,37.0,39.60000000000002,54.0,1797.0,33.27777777777778,39.0,98.0,22.130435441705757,43.25,63.20000000000002,65.0,2.110726643598616,2.0,12.0,2.1065532511704426,4.0,4.0,6.0
1,voronoi_2x2_n5_seed1001,False,True,34.832019721116154,18.416009860558077,1.1100865648114486,119.38858347939023,226,284,226.0,284.0,340.737786664553,1.1997809389596938,0.7596885839940114,22.0,0.0,1.1395109004150126,3.8956861410766215,0.06938118577915964,8.771111440724932,4423.2720284719035,0.0,0.014383369510879866,5.663164595942534,0.002539811313480545,11.220688298918388,0.15492957746478872,0.04095325084003058,-165.0,0.20774647887323944,2.0,0.008849557522123894,0.0,0.0,4.0,0.014084507042253521,20.02233908890167,1.0011169544450336,199.0,1.0971870538602133,0.02239990234375,0.20302791251845548,0.4508486163476165,0.0215301513671875,0.06097412109375,0.956409149762624,0.9642032888695007,0.6267053349248868,22.0,74.0,0.425628662109375,0.2957763671875,0.129852294921875,1.0971870538602133,1.304685130740647,0.495049219180991,3.894457589445759,0.6220692622069263,0.21621621621621623,0.001129150390625,0.34402056084380056,5.0,256.0,226.0,284.0,31426.0,50644.0,9908.0,1958.0,294.0,1.0352112676056338,202.0,0.7112676056338029,0.06230509768981098,0.3152803411188188,0.029876708984375,391.6,0.09346726062517692,4189.70233406537,5952.0,20.244897959183675,16.0,103.0,17.597383786973854,32.0,43.0,52.0,56.0,1958.0,34.964285714285715,23.0,104.0,29.5531991776297,61.0,67.0,104.0,2.0704225352112675,2.0,8.0,1.7767983840380803,3.25,4.0,6.0
2,voronoi_2x2_n5_seed1002,False,True,18.80929681377064,10.40464840688532,1.139485723320264,151.63990162071696,238,293,238.0,293.0,366.4930299577136,1.2508294537805924,0.7190476775985725,28.0,0.0,1.2212579209200143,3.955639025564393,0.03455041173856674,8.804901616259915,4555.936347221661,0.0,0.01272975894681201,5.715105753676326,0.0022273881701351155,11.789774137503102,0.17747440273037543,0.023191999990204215,-180.0,0.19112627986348124,2.0,0.008403361344537815,0.0,0.0,4.0,0.013651877133105802,20.000000062499996,1.0000000031249499,227.5,0.9656759844785502,0.0184173583984375,0.1779008012039223,0.41388638676619915,0.01788330078125,0.0485382080078125,0.9472727272727273,0.9586561264822135,0.6269704914411157,20.0,84.0,0.3933258056640625,0.2483062744140625,0.14501953125,0.9656759844785502,1.390889222011124,1.581236198797213,3.9332738487799204,0.46425107654110254,0.16666666666666666,0.00128173828125,0.37153361445156197,5.0,256.0,238.0,293.0,34089.0,53910.0,10439.0,1830.0,319.0,1.0887372013651877,225.0,0.7679180887372014,0.05368300624834991,0.3062278154243304,0.027923583984375,366.0,0.08107996656398227,4514.062048991844,6155.0,19.294670846394986,12.0,81.0,17.21760971949319,31.0,45.39999999999998,50.19999999999993,70.0,1830.0,26.142857142857142,17.0,107.0,26.8430814253536,32.0,50.700000000000024,102.94999999999997,2.1774744027303754,2.0,8.0,1.7688731985898507,3.0,4.0,6.0
3,voronoi_2x2_n5_seed1003,False,True,25.9395188120165,13.96975940600825,1.204133551749878,216.62837723329915,232,289,232.0,289.0,365.39814275844833,1.2643534351503403,0.7031805815598366,26.0,0.0,1.186412987229861,4.012812977816263,0.04417148529911987,8.726736695023043,4470.486932792337,0.0,0.014004268132160106,5.664861492378373,0.0024721289569037616,11.550828481862965,0.16608996539792387,0.013096552882944252,-172.0,0.20069204152249134,2.0,0.008620689655172414,0.0,0.0,3.0,0.010380622837370242,20.137336490527463,1.0068668245263228,311.0,0.7175997844535916,0.0124359130859375,0.1784427475881312,0.42153176464315895,0.01171875,0.03131103515625,0.9474940334128878,0.9493538103343023,0.6417750395807351,25.0,82.0,0.35235595703125,0.2486114501953125,0.1037445068359375,0.7175997844535916,0.3216091915150206,-0.6670745107211857,2.894075870431318,0.1776805820197471,0.07317073170731707,0.001251220703125,0.2827228145060409,5.0,256.0,232.0,289.0,34309.0,53724.0,10079.0,1810.0,251.0,0.8685121107266436,176.0,0.6089965397923875,0.052755836660934446,0.2937713136494797,0.027618408203125,362.0,0.08059189546138751,4491.766795253479,6358.0,25.330677290836654,25.0,63.0,15.093012259426198,34.0,45.0,54.0,51.0,1810.0,35.490196078431374,35.0,109.0,30.19957962895303,46.0,81.0,109.0,1.7370242214532872,2.0,7.0,1.7977435307021652,2.0,4.0,6.0
4,voronoi_2x2_n5_seed1004,False,True,17.18635517783101,9.593177588915506,1.1345658183413856,145.7800402037724,232,288,232.0,288.0,364.4998985158152,1.2656246476243582,0.7937698116838642,24.0,0.0,1.1785594639469634,3.7892007381402215,0.07682010069376849,8.804279597272577,4483.842243193696,0.0,0.01197859229820302,5.55275449619015,0.0021572342711026755,11.715032094342439,0.16666666666666666,0.02907619915501894,-173.0,0.19791666666666666,2.0,0.008620689655172414,0.0,0.0,0.0,0.0,20.063902888080307,1.0031951444039653,255.5,0.7717248078221216,0.0125732421875,0.1729662443136468,0.4404020680849844,0.0125732421875,0.0377197265625,0.9542079207920792,0.9542079207920792,0.7355477497012664,21.0,88.0,0.3812255859375,0.2625885009765625,0.1186370849609375,0.7717248078221216,0.9678291512410722,0.418938074320959,2.902337495997438,0.28226064681396096,0.10227272727272728,0.0013427734375,0.272791980296349,5.0,256.0,232.0,288.0,34096.0,53520.0,9607.0,2329.0,339.0,1.1770833333333333,206.0,0.7152777777777778,0.06830713280150165,0.2817632566870014,0.0355377197265625,465.8,0.10385004564836023,4485.313387123724,8310.0,24.513274336283185,21.0,79.0,19.0772911895591,41.0,50.0,53.0,55.0,2329.0,42.345454545454544,39.0,102.0,31.618302054243653,58.0,99.0,102.0,2.3541666666666665,2.0,10.0,2.246814875180715,4.0,6.0,6.0
5,voronoi_2x2_n5_seed1005,False,True,16.92392537395663,9.461962686978316,1.1565838002710978,167.1098009430985,226,284,226.0,284.0,364.8448580389404,1.2846649930948606,0.7181503421856364,22.0,0.0,1.1395109004150126,3.9430654574384416,0.0521719502556572,8.734653234479959,4400.702604540841,0.017699115044247787,0.01359700316150069,5.64643644997848,0.0024080680411359455,11.549223205506392,0.15492957746478872,0.034881551408657806,-165.0,0.20774647887323944,2.0,0.008849557522123894,4.0,0.014084507042253521,0.0,0.0,20.110278841921552,1.0055139420960275,304.0,0.63742360007944,0.0102386474609375,0.18032992152063954,0.3982972912578283,0.0102386474609375,0.0307159423828125,0.9588100686498856,0.9588100686498856,0.6737871517025188,28.0,84.0,0.3795623779296875,0.2586669921875,0.1208953857421875,0.63742360007944,0.09158976792514911,-0.8834954875355421,2.2658894472361806,0.10789949748743718,0.047619047619047616,0.00128173828125,0.24419328749483246,5.0,256.0,226.0,284.0,34028.0,53144.0,9730.0,1706.0,293.0,1.0316901408450705,200.0,0.704225352112676,0.050135182790643,0.285940989773128,0.026031494140625,341.2,0.07597385323777667,4491.018757889514,6130.0,20.92150170648464,18.0,54.0,16.094769945167936,34.0,44.0,47.0,63.0,1706.0,27.07936507936508,19.0,76.0,24.682299799783642,49.5,62.0,74.99999999999999,2.063380281690141,2.0,9.0,1.9526608380216937,3.0,5.0,6.0
6,voronoi_2x2_n5_seed1006,False,True,12.693670493273297,7.346835246636648,1.1161503836669804,119.04383881473404,226,284,226.0,284.0,359.4042873060446,1.2655080538945231,0.6921207462422795,22.0,0.0,1.1395109004150126,4.001337443200233,0.013683453173653796,8.703501482479558,4388.484823018285,0.0,0.016214877659807878,5.618134052696204,0.0028861678108273855,11.447394296951819,0.15492957746478872,0.025279892730575258,-165.0,0.20774647887323944,2.0,0.008849557522123894,0.0,0.0,3.0,0.01056338028169014,20.002161060158354,1.0001080530078679,288.0,0.659025761605077,0.0127105712890625,0.14353728937621799,0.3983497427906751,0.01092529296875,0.031829833984375,0.95141065830721,0.9574625566004876,0.7340061718898824,23.0,82.0,0.395751953125,0.2487335205078125,0.1470184326171875,0.659025761605077,0.3409019763483932,-0.6493335808128653,2.6336366440468844,0.16987970388648982,0.07317073170731707,0.001251220703125,0.26107191549456005,5.0,256.0,226.0,284.0,33594.0,52712.0,9704.0,1758.0,364.0,1.2816901408450705,221.0,0.778169014084507,0.052330773352384355,0.28886110614990773,0.026824951171875,351.6,0.07946798689818767,4424.423138470349,6690.0,18.37912087912088,13.0,61.0,15.739786616839188,28.0,43.0,47.0,66.0,1758.0,26.636363636363637,15.0,78.0,24.49343533797673,43.0,67.0,69.0,2.563380281690141,2.0,10.0,2.1623044199838306,4.0,6.0,6.0
7,voronoi_2x2_n5_seed1007,False,True,6.084722781354975,4.042361390677487,1.0869314844544815,95.18005728595392,232,289,232.0,289.0,371.91737874798997,1.2869113451487542,0.8137963139575003,26.0,0.0,1.186412987229861,3.9773062779764907,0.10813551104634926,8.77049562188625,4498.789351848198,0.017241379310344827,0.01471589954675354,5.645218355785112,0.002606790139777385,11.43868487834005,0.16608996539792387,0.05554260510313128,-172.0,0.20069204152249134,2.0,0.008620689655172414,4.0,0.01384083044982699,8.0,0.02768166089965398,20.002888571853283,1.0001444285926142,218.5,0.8542615632630405,0.0119171142578125,0.15014302089951861,0.42398723026297663,0.0119171142578125,0.0357513427734375,0.9555264879005886,0.9555264879005886,0.7338899742953683,21.0,92.0,0.3962249755859375,0.23675537109375,0.1594696044921875,0.8542615632630405,0.7554206020203694,-0.6144723146568918,2.767050487156776,0.4177610043516771,0.16304347826086957,0.00140380859375,0.15355157528159194,5.0,256.0,232.0,289.0,34681.0,54275.0,9837.0,2079.0,359.0,1.2422145328719723,210.0,0.726643598615917,0.05994636832847957,0.28364234018626916,0.0317230224609375,415.8,0.09074493939728923,4582.073697571073,7111.0,19.807799442896936,17.0,77.0,15.871150590390128,28.0,47.0,50.0,50.0,2079.0,41.58,36.5,99.0,27.77559360301774,64.0,85.0,85.0,2.4844290657439445,2.0,8.0,2.1662557836970353,4.0,6.0,6.0
8,voronoi_2x2_n5_seed1008,False,True,18.21992480784815,10.109962403924076,1.0749658860663502,77.41686908489183,226,286,226.0,286.0,347.20251839042663,1.2139948195469463,0.7879617347063902,26.0,0.0,1.15382032679952,3.992112913790848,0.06948457411991746,8.730467900279141,4452.813839768449,0.017699115044247787,0.014516727044805645,5.6175383756909865,0.0025841794170239963,11.6031465093412,0.15734265734265734,0.0601164421822975,-163.0,0.21328671328671328,2.0,0.008849557522123894,4.0,0.013986013986013986,4.0,0.013986013986013986,20.11418589563429,1.0057092947816644,273.0,1.0543471011824037,0.0228729248046875,0.1843982676112781,0.43195418794022505,0.0228729248046875,0.0686187744140625,0.9748811948404617,0.9748811948404615,0.7308141068747445,14.0,79.0,0.43524169921875,0.3062286376953125,0.1290130615234375,1.0543471011824037,1.5579160652347412,1.9091920698400147,4.151626700322535,0.4754592623755434,0.1518987341772152,0.0012054443359375,0.33717346301515017,5.0,256.0,226.0,286.0,31920.0,51337.0,9784.0,1921.0,336.0,1.1748251748251748,202.0,0.7062937062937062,0.06018170426065163,0.306516290726817,0.0293121337890625,384.2,0.08972876452811811,4281.793046193165,6949.0,20.68154761904762,17.5,80.0,18.30145433942911,34.0,47.0,50.0,59.0,1921.0,32.559322033898304,33.0,89.0,27.79664117402157,54.0,71.80000000000004,83.0,2.3496503496503496,2.0,9.0,2.1734531232909613,4.0,6.0,6.0
9,voronoi_2x2_n5_seed1009,False,True,27.073478747008817,14.536739373504409,1.231105789004689,253.09141697813186,238,294,238.0,294.0,366.83783745385534,1.2477477464416848,0.7158125385005802,30.0,0.0,1.2276185486657205,3.997535516378661,0.05789957066393946,8.795482835194052,4578.316377688263,0.0,0.013148389507393386,5.646120695706264,0.0023287475093102567,11.697798106584406,0.17687074829931973,0.024003229020217277,-179.0,0.19387755102040816,2.0,0.008403361344537815,0.0,0.0,8.0,0.027210884353741496,20.019807591282543,1.000990379564077,236.0,0.8053004823680288,0.01226806640625,0.16454573976945042,0.4201660612692296,0.0118865966796875,0.0355987548828125,0.9509162303664922,0.9531494515909066,0.6086953373510492,20.0,85.0,0.4038543701171875,0.26544189453125,0.1384124755859375,0.8053004823680288,0.692343742845556,-0.7100066609147548,2.5820833490762083,0.4528658329240186,0.18823529411764706,0.0012969970703125,0.18904271162015948,5.0,256.0,238.0,294.0,34422.0,53854.0,10384.0,1564.0,340.0,1.1564625850340136,236.0,0.8027210884353742,0.045436058334785895,0.30166753820231246,0.02386474609375,312.8,0.06932288366561676,4512.2185266961815,4346.0,12.782352941176471,9.0,57.0,10.980449754750897,20.0,27.0,33.0,80.0,1564.0,19.55,11.0,62.0,19.064299095429657,37.0,49.0,58.0,2.312925170068027,2.0,6.0,1.772053350222034,4.0,5.699999999999989,6.0
10,voronoi_2x2_n5_seed1010,False,True,31.21535674903278,16.60767837451639,1.183687660356165,201.3712224343554,226,284,226.0,284.0,357.37532407485236,1.2583638171649731,0.6663955681815995,22.0,0.0,1.1395109004150126,4.077747987073235,0.08894966675140406,8.82550756006889,4420.755593280629,0.0,0.017415989531437494,5.663529093951578,0.003075112574248802,11.268397246804327,0.15492957746478872,0.027676686804681227,-165.0,0.20774647887323944,2.0,0.008849557522123894,0.0,0.0,4.0,0.014084507042253521,20.127720042601855,1.0063860021300426,235.0,0.7752111759028274,0.0136566162109375,0.13352105149188884,0.37630528019751913,0.0136566162109375,0.0409698486328125,0.9695402298850575,0.9695402298850575,0.7405339655332438,24.0,80.0,0.3953857421875,0.2942657470703125,0.1011199951171875,0.7752111759028274,0.6959435813512713,-0.647952350168052,2.76319851806113,0.25331892559431923,0.1,0.001220703125,0.2121671061143082,5.0,256.0,226.0,284.0,33458.0,52496.0,9950.0,1584.0,192.0,0.676056338028169,157.0,0.5528169014084507,0.047342937414071376,0.29738776974116804,0.024169921875,316.8,0.07212170295762725,4392.575147402239,4672.0,24.333333333333332,28.0,56.0,15.369522511198006,33.25,43.70000000000002,50.0,53.0,1584.0,29.88679245283019,36.0,65.0,20.524867914780557,44.0,58.80000000000005,65.0,1.352112676056338,2.0,6.0,1.4423044115141297,2.0,3.0,4.0
11,voronoi_2x2_n5_seed1011,False,True,4.29517583153474,3.14758791576737,1.075883472013829,81.16902219109107,226,285,226.0,285.0,360.76455208148934,1.2658405336192609,0.6887489703482882,24.0,0.0,1.147502294468313,4.079227896273903,0.053929219067964884,8.650145471823093,4395.33375668549,0.0,0.015079815977634074,5.684271166791797,0.0026529022868806013,11.419233038348082,0.1543859649122807,0.03492217510500435,-164.0,0.21052631578947367,2.0,0.008849557522123894,0.0,0.0,0.0,0.0,20.02890407755401,1.0014452038776505,208.0,0.8781151218858355,0.0198822021484375,0.18297205863957086,0.405892161423258,0.0198822021484375,0.049285888671875,0.9372453137734311,0.9525079838481098,0.5304647526289764,28.0,92.0,0.3865814208984375,0.251129150390625,0.1354522705078125,0.8781151218858355,1.6214799969105336,4.766523156696099,4.73163607657391,0.26792974146437737,0.09782608695652174,0.00140380859375,0.2773235063469171,5.0,256.0,226.0,285.0,33741.0,52949.0,9694.0,2078.0,312.0,1.0947368421052632,212.0,0.743859649122807,0.06158679351530778,0.28730624462819715,0.031707763671875,415.6,0.09355721985228534,4442.201260962845,5980.0,19.166666666666668,11.5,54.0,17.478130413034535,37.25,44.0,46.44999999999999,86.0,2078.0,24.162790697674417,16.0,57.0,20.942812756778746,46.5,56.0,57.0,2.1894736842105265,2.0,6.0,1.6646673141656079,4.0,4.0,4.0
12,voronoi_2x2_n5_seed1012,False,True,42.25059129053345,22.125295645266725,1.1346698383330993,143.028522601993,226,284,226.0,284.0,356.2864297945553,1.2545296823751948,0.6512132319124784,22.0,0.0,1.1395109004150126,3.9914598623462787,0.043131043482295114,8.697552650620587,4388.228730809895,0.0,0.016041207107876553,5.684163464500351,0.002822087578595663,11.339862340216323,0.15492957746478872,0.04895428080237777,-165.0,0.20774647887323944,2.0,0.008849557522123894,0.0,0.0,4.0,0.014084507042253521,20.058723343912753,1.0029361671955876,284.0,0.6090767319498873,0.01275634765625,0.16829029004649854,0.4012233096769752,0.01275634765625,0.030792236328125,0.9374464438731791,0.9452497189531693,0.6131276047231732,25.0,86.0,0.3809661865234375,0.26385498046875,0.1171112060546875,0.6090767319498873,0.15045097619544484,-0.2778965218004834,2.8796411262866988,0.0808266912324268,0.03488372093023256,0.001312255859375,0.2851603269076446,5.0,256.0,226.0,284.0,33462.0,52408.0,9862.0,1610.0,238.0,0.8380281690140845,192.0,0.676056338028169,0.04811427888350965,0.29472237164544857,0.024566650390625,322.0,0.07337718542870593,4388.284970576566,4360.0,18.319327731092436,10.0,51.0,15.815603811356757,34.0,41.0,45.44999999999993,60.0,1610.0,26.833333333333332,13.0,90.0,24.58059306761242,52.0,53.80000000000001,77.0,1.676056338028169,2.0,6.0,1.456163664065388,2.0,4.0,4.0
13,voronoi_2x2_n5_seed1013,False,True,18.57167877988784,10.28583938994392,1.1649119026356385,173.60149016342098,220,280,220.0,280.0,376.42121692626057,1.3443614890223592,0.7639344790016165,20.0,0.0,1.0957952550009338,4.049459921839239,0.03829248378431511,8.652073849038182,4325.12022900949,0.0,0.015818646749314207,5.757347266367031,0.002747558209962425,11.51332503113325,0.14285714285714285,0.05063322866755153,-157.0,0.21785714285714286,2.0,0.00909090909090909,0.0,0.0,8.0,0.02857142857142857,20.52557371716945,1.0262786858584212,284.0,0.6024957832928383,0.011871337890625,0.1484356477778967,0.3774788150636659,0.011871337890625,0.035614013671875,0.9554973821989529,0.9554973821989529,0.6774372623191341,27.0,80.0,0.3708953857421875,0.2773284912109375,0.09356689453125,0.6024957832928383,0.737616197648167,0.3998915265907952,2.5605792570041555,0.18192290286748672,0.075,0.001220703125,0.20643070028941377,5.0,256.0,220.0,280.0,34656.0,54128.0,9740.0,2108.0,352.0,1.2571428571428571,206.0,0.7357142857142858,0.0608264081255771,0.28104801477377656,0.03216552734375,421.6,0.09084923387075423,4640.655534858831,7906.0,22.460227272727273,16.5,81.0,16.814786781098405,34.25,44.0,52.0,56.0,2108.0,37.642857142857146,30.5,139.0,34.3846044096506,64.0,71.5,103.0,2.5142857142857142,2.0,11.0,2.2756026337958866,4.0,6.0,7.0
14,voronoi_2x2_n5_seed1014,False,True,87.28722261804171,44.643611309020855,1.263927656302585,283.4962332270116,214,277,214.0,277.0,356.7703156345553,1.2879794788251093,0.6040824920277309,20.0,0.0,1.0549212215308816,4.010963681654657,0.056588133899888676,8.536918140294608,4238.669819184771,0.0,0.0170674460497958,5.663121597425115,0.0030137876710175076,11.141371594050282,0.1299638989169675,0.025024937880373573,-148.0,0.23104693140794225,2.0,0.009345794392523364,0.0,0.0,4.0,0.01444043321299639,20.072236850789228,1.0036118425394114,279.5,0.7328466841596079,0.015289306640625,0.16373403391322522,0.40000258286575086,0.013671875,0.039093017578125,0.9514627659574468,0.9527249796270746,0.6090949608673012,24.0,80.0,0.3979034423828125,0.264190673828125,0.1337127685546875,0.7328466841596079,0.9411019456360645,0.5066311899672078,3.073973233117307,0.2077309506461633,0.075,0.001220703125,0.2121825205637709,5.0,256.0,214.0,277.0,33169.0,52301.0,9920.0,1718.0,232.0,0.8375451263537906,178.0,0.6425992779783394,0.051795351080828486,0.2990744369742832,0.026214599609375,343.6,0.07828181439074826,4389.269751527481,5530.0,23.836206896551722,20.0,62.0,18.6205040699564,41.0,49.900000000000006,52.44999999999999,52.0,1718.0,33.03846153846154,29.0,68.0,24.577163836547957,58.0,63.49999999999999,68.0,1.6750902527075813,2.0,8.0,1.6594093624804163,2.0,4.0,4.0
15,voronoi_2x2_n5_seed1015,False,True,11.43532865924328,6.71766432962164,1.1543365085451918,168.3954044167682,226,285,226.0,285.0,368.0816887723789,1.2915146974469436,0.7427480590025499,24.0,0.0,1.147502294468313,3.820117326526748,0.11606351403318946,8.767200489797204,4432.40354237125,0.0,0.015028315421822421,5.6547102770486015,0.0026576632020948714,11.428869223205506,0.1543859649122807,0.028330983065623823,-164.0,0.21052631578947367,2.0,0.008849557522123894,0.0,0.0,4.0,0.014035087719298246,20.00000008333333,1.0000000041666166,216.0,0.8344352038029236,0.0108489990234375,0.17802991796288478,0.3982917609382928,0.0108489990234375,0.0325469970703125,0.9468390804597702,0.9468390804597702,0.6808761580661025,29.0,89.0,0.3899078369140625,0.2737274169921875,0.116180419921875,0.8344352038029236,0.3536160300195201,-1.2991351981661259,2.476382420850781,0.41200641803310767,0.1797752808988764,0.0013580322265625,0.24515733602521705,5.0,256.0,226.0,285.0,34147.0,53989.0,10112.0,2288.0,329.0,1.1543859649122807,191.0,0.6701754385964912,0.0670044220575746,0.2961314317509591,0.034912109375,457.6,0.10086800730176107,4536.621791595666,7792.0,23.683890577507597,23.0,70.0,16.36616762147347,35.0,47.0,53.0,55.0,2288.0,41.6,33.0,198.0,42.622060015911956,62.5,95.0,97.0,2.3087719298245615,2.0,10.0,2.3611089203907785,4.0,6.0,7.0
16,voronoi_2x2_n5_seed1016,False,True,6.972336569487025,4.4861682847435125,1.0879655159152593,96.65219371864501,244,297,244.0,297.0,363.2523844976772,1.2230720016756809,0.749977772808892,30.0,0.0,1.2525441483536206,3.9891039362838625,0.09515205481910248,8.901807499453096,4645.093155506234,0.0,0.012523411403810603,5.5720688937611484,0.0022475334821919347,12.178371449774,0.1919191919191919,0.04701924158745195,-188.0,0.18181818181818182,2.0,0.00819672131147541,0.0,0.0,0.0,0.0,20.332642662506544,1.0166321331252763,275.0,0.8424117626699885,0.020904541015625,0.1820743758184309,0.43223963216773803,0.020904541015625,0.0508270263671875,0.8690117252931323,0.9273754120598522,0.5947694342982264,16.0,90.0,0.3807220458984375,0.2569580078125,0.1237640380859375,0.8424117626699885,2.103982241145698,7.021212371882571,4.9416857039798,0.3074025089174783,0.1111111111111111,0.001373291015625,0.20549678140509006,5.0,256.0,244.0,297.0,34332.0,54175.0,10201.0,2168.0,273.0,0.9191919191919192,180.0,0.6060606060606061,0.06314808342071537,0.2971280438075265,0.0330810546875,433.6,0.09682779479059325,4478.053031546722,7406.0,27.128205128205128,27.0,75.0,17.808146551273158,40.0,50.80000000000001,58.0,59.0,2168.0,36.74576271186441,20.0,126.0,35.266344075028115,59.0,72.60000000000007,125.0,1.8383838383838385,2.0,10.0,2.0971701505950544,3.0,4.0,6.0
17,voronoi_2x2_n5_seed1017,False,True,24.097513040498836,13.048756520249418,1.189755361606225,211.73471531330551,232,289,232.0,289.0,356.20245653650113,1.232534451683395,0.7329007975089414,26.0,0.0,1.186412987229861,3.991874132477431,0.08659882018724228,8.81394005771664,4510.98120355973,0.0,0.016279398980835063,5.66806994964249,0.002872123866759796,11.582736229287953,0.16608996539792387,0.02487301732906153,-172.0,0.20069204152249134,2.0,0.008620689655172414,0.0,0.0,0.0,0.0,20.0229902106147,1.0011495105306851,307.0,0.7294429552710705,0.015350341796875,0.16034658208679387,0.3712467127860195,0.01190185546875,0.03399658203125,0.9471086036671368,0.9522060875810815,0.6026931317634248,24.0,81.0,0.4093170166015625,0.2684173583984375,0.140899658203125,0.7294429552710705,0.6638383663227482,-0.218995028280506,3.037688723205964,0.2931220876048462,0.12345679012345678,0.0012359619140625,0.16455310575059223,5.0,256.0,232.0,289.0,33318.0,52395.0,9909.0,1488.0,253.0,0.8754325259515571,183.0,0.6332179930795848,0.044660543850171076,0.29740680713128037,0.022705078125,297.6,0.06773625216121704,4393.511458113908,5049.0,19.956521739130434,16.0,57.0,15.354123152532164,36.0,40.0,44.0,50.0,1488.0,29.76,24.0,85.0,22.72932907060831,43.0,66.0,66.0,1.7508650519031141,2.0,7.0,1.7291139036580596,2.0,4.0,5.0
18,voronoi_2x2_n5_seed1018,False,True,66.02299692479458,34.01149846239729,1.23483771103544,259.0631400313212,226,286,226.0,286.0,359.2576940746535,1.2561457834778094,0.6548936920271957,26.0,0.0,1.15382032679952,3.8518109765668216,0.05698068148714199,8.68140721563109,4419.187221390687,0.017699115044247787,0.014301629566554782,5.794042080345751,0.002468333741493794,11.824424778761061,0.15734265734265734,0.04128268661293091,-163.0,0.21328671328671328,2.0,0.008849557522123894,4.0,0.013986013986013986,11.0,0.038461538461538464,20.0497772733184,1.00248886366587,305.0,0.8170489227058049,0.018218994140625,0.14758822787836529,0.4164857492584795,0.018218994140625,0.0467529296875,0.9566539923954372,0.9608914668529008,0.7364748886482487,20.0,87.0,0.3743743896484375,0.241363525390625,0.1330108642578125,0.8170489227058049,1.4988738271450073,3.7298647213140335,4.233869981658855,0.26268595883431833,0.09195402298850575,0.0013275146484375,0.28933797020516067,5.0,256.0,226.0,286.0,33491.0,53040.0,9942.0,2067.0,294.0,1.027972027972028,191.0,0.6678321678321678,0.061718073512286885,0.29685587172673256,0.0315399169921875,413.4,0.09346451242951222,4423.0691334507555,6885.0,23.418367346938776,28.0,53.0,15.014226905816429,35.75,41.0,44.0,51.0,2067.0,40.529411764705884,38.0,98.0,26.83599641480726,54.0,78.0,98.0,2.055944055944056,2.0,7.0,1.8839633263553939,4.0,4.0,5.0
19,voronoi_2x2_n5_seed1019,False,True,36.70887288601437,19.354436443007184,1.165449345381407,188.38694043352268,238,292,238.0,292.0,364.119520945188,1.2469846607711919,0.7294549383840259,26.0,0.0,1.2135455229844847,4.092956286764827,0.01895497747340405,8.838747806449653,4549.056529538744,0.0,0.0164167063188745,5.622667629981806,0.002919736217615392,11.417721518987342,0.1780821917808219,0.024882310982667036,-181.0,0.18835616438356165,2.0,0.008403361344537815,0.0,0.0,0.0,0.0,20.050156606924546,1.0025078303461772,324.0,0.5993209412546519,0.0117645263671875,0.136188839873523,0.4054650051272528,0.0117645263671875,0.0332794189453125,0.9495192307692307,0.9568279105913065,0.6796130078536757,28.0,84.0,0.393310546875,0.2657470703125,0.1275634765625,0.5993209412546519,0.21595151448981154,-0.35397535728461493,2.5125698324022347,0.15914028553693357,0.07142857142857142,0.00128173828125,0.24815232330400083,5.0,256.0,238.0,292.0,34222.0,53684.0,9798.0,2176.0,310.0,1.0616438356164384,210.0,0.7191780821917808,0.06358482847291216,0.2863070539419087,0.033203125,435.2,0.09708371384134346,4482.72921152578,7128.0,22.993548387096773,21.0,88.0,17.160531149834288,35.0,47.0,49.0,60.0,2176.0,36.266666666666666,28.5,118.0,31.52663776695652,55.0,71.00000000000003,100.0,2.1232876712328768,2.0,8.0,1.8501773737956952,3.0,4.0,6.0
